  0
SECTION
  2
HEADER
  9
$ACADVER
  1
AC1024
  9
$ACADMAINTVER
 70
6
  9
$DWGCODEPAGE
  3
ANSI_1252
  9
$LASTSAVEDBY
  1
ezdxf
  9
$INSBASE
 10
0.0
 20
0.0
 30
0.0
  9
$EXTMIN
 10
1e+20
 20
1e+20
 30
1e+20
  9
$EXTMAX
 10
-1e+20
 20
-1e+20
 30
-1e+20
  9
$LIMMIN
 10
0.0
 20
0.0
  9
$LIMMAX
 10
420.0
 20
297.0
  9
$ORTHOMODE
 70
0
  9
$REGENMODE
 70
1
  9
$FILLMODE
 70
1
  9
$QTEXTMODE
 70
0
  9
$MIRRTEXT
 70
1
  9
$LTSCALE
 40
1.0
  9
$ATTMODE
 70
1
  9
$TEXTSIZE
 40
2.5
  9
$TRACEWID
 40
1.0
  9
$TEXTSTYLE
  7
Standard
  9
$CLAYER
  8
0
  9
$CELTYPE
  6
ByLayer
  9
$CECOLOR
 62
256
  9
$CELTSCALE
 40
1.0
  9
$DISPSILH
 70
0
  9
$DIMSCALE
 40
1.0
  9
$DIMASZ
 40
2.5
  9
$DIMEXO
 40
0.625
  9
$DIMDLI
 40
3.75
  9
$DIMRND
 40
0.0
  9
$DIMDLE
 40
0.0
  9
$DIMEXE
 40
1.25
  9
$DIMTP
 40
0.0
  9
$DIMTM
 40
0.0
  9
$DIMTXT
 40
2.5
  9
$DIMCEN
 40
2.5
  9
$DIMTSZ
 40
0.0
  9
$DIMTOL
 70
0
  9
$DIMLIM
 70
0
  9
$DIMTIH
 70
0
  9
$DIMTOH
 70
0
  9
$DIMSE1
 70
0
  9
$DIMSE2
 70
0
  9
$DIMTAD
 70
1
  9
$DIMZIN
 70
8
  9
$DIMBLK
  1

  9
$DIMASO
 70
1
  9
$DIMSHO
 70
1
  9
$DIMPOST
  1

  9
$DIMAPOST
  1

  9
$DIMALT
 70
0
  9
$DIMALTD
 70
3
  9
$DIMALTF
 40
0.03937007874
  9
$DIMLFAC
 40
1.0
  9
$DIMTOFL
 70
1
  9
$DIMTVP
 40
0.0
  9
$DIMTIX
 70
0
  9
$DIMSOXD
 70
0
  9
$DIMSAH
 70
0
  9
$DIMBLK1
  1

  9
$DIMBLK2
  1

  9
$DIMSTYLE
  2
ISO-25
  9
$DIMCLRD
 70
0
  9
$DIMCLRE
 70
0
  9
$DIMCLRT
 70
0
  9
$DIMTFAC
 40
1.0
  9
$DIMGAP
 40
0.625
  9
$DIMJUST
 70
0
  9
$DIMSD1
 70
0
  9
$DIMSD2
 70
0
  9
$DIMTOLJ
 70
0
  9
$DIMTZIN
 70
8
  9
$DIMALTZ
 70
0
  9
$DIMALTTZ
 70
0
  9
$DIMUPT
 70
0
  9
$DIMDEC
 70
2
  9
$DIMTDEC
 70
2
  9
$DIMALTU
 70
2
  9
$DIMALTTD
 70
3
  9
$DIMTXSTY
  7
Standard
  9
$DIMAUNIT
 70
0
  9
$DIMADEC
 70
0
  9
$DIMALTRND
 40
0.0
  9
$DIMAZIN
 70
0
  9
$DIMDSEP
 70
44
  9
$DIMATFIT
 70
3
  9
$DIMFRAC
 70
0
  9
$DIMLDRBLK
  1

  9
$DIMLUNIT
 70
2
  9
$DIMLWD
 70
-2
  9
$DIMLWE
 70
-2
  9
$DIMTMOVE
 70
0
  9
$DIMFXL
 40
1.0
  9
$DIMFXLON
 70
0
  9
$DIMJOGANG
 40
0.785398163397
  9
$DIMTFILL
 70
0
  9
$DIMTFILLCLR
 70
0
  9
$DIMARCSYM
 70
0
  9
$DIMLTYPE
  6

  9
$DIMLTEX1
  6

  9
$DIMLTEX2
  6

  9
$DIMTXTDIRECTION
 70
0
  9
$LUNITS
 70
2
  9
$LUPREC
 70
3
  9
$SKETCHINC
 40
1.0
  9
$FILLETRAD
 40
10.0
  9
$AUNITS
 70
0
  9
$AUPREC
 70
2
  9
$MENU
  1
.
  9
$ELEVATION
 40
0.0
  9
$PELEVATION
 40
0.0
  9
$THICKNESS
 40
0.0
  9
$LIMCHECK
 70
0
  9
$CHAMFERA
 40
0.0
  9
$CHAMFERB
 40
0.0
  9
$CHAMFERC
 40
0.0
  9
$CHAMFERD
 40
0.0
  9
$SKPOLY
 70
0
  9
$TDCREATE
 40
2451545.0
  9
$TDUCREATE
 40
2451545.0
  9
$TDUPDATE
 40
2451545.0
  9
$TDUUPDATE
 40
2451545.0
  9
$TDINDWG
 40
0.0
  9
$TDUSRTIMER
 40
0.0
  9
$USRTIMER
 70
1
  9
$ANGBASE
 50
0.0
  9
$ANGDIR
 70
0
  9
$PDMODE
 70
0
  9
$PDSIZE
 40
0.0
  9
$PLINEWID
 40
0.0
  9
$SPLFRAME
 70
0
  9
$SPLINETYPE
 70
6
  9
$SPLINESEGS
 70
8
  9
$HANDSEED
  5
32E
  9
$SURFTAB1
 70
6
  9
$SURFTAB2
 70
6
  9
$SURFTYPE
 70
6
  9
$SURFU
 70
6
  9
$SURFV
 70
6
  9
$UCSBASE
  2

  9
$UCSNAME
  2

  9
$UCSORG
 10
0.0
 20
0.0
 30
0.0
  9
$UCSXDIR
 10
1.0
 20
0.0
 30
0.0
  9
$UCSYDIR
 10
0.0
 20
1.0
 30
0.0
  9
$UCSORTHOREF
  2

  9
$UCSORTHOVIEW
 70
0
  9
$UCSORGTOP
 10
0.0
 20
0.0
 30
0.0
  9
$UCSORGBOTTOM
 10
0.0
 20
0.0
 30
0.0
  9
$UCSORGLEFT
 10
0.0
 20
0.0
 30
0.0
  9
$UCSORGRIGHT
 10
0.0
 20
0.0
 30
0.0
  9
$UCSORGFRONT
 10
0.0
 20
0.0
 30
0.0
  9
$UCSORGBACK
 10
0.0
 20
0.0
 30
0.0
  9
$PUCSBASE
  2

  9
$PUCSNAME
  2

  9
$PUCSORG
 10
0.0
 20
0.0
 30
0.0
  9
$PUCSXDIR
 10
1.0
 20
0.0
 30
0.0
  9
$PUCSYDIR
 10
0.0
 20
1.0
 30
0.0
  9
$PUCSORTHOREF
  2

  9
$PUCSORTHOVIEW
 70
0
  9
$PUCSORGTOP
 10
0.0
 20
0.0
 30
0.0
  9
$PUCSORGBOTTOM
 10
0.0
 20
0.0
 30
0.0
  9
$PUCSORGLEFT
 10
0.0
 20
0.0
 30
0.0
  9
$PUCSORGRIGHT
 10
0.0
 20
0.0
 30
0.0
  9
$PUCSORGFRONT
 10
0.0
 20
0.0
 30
0.0
  9
$PUCSORGBACK
 10
0.0
 20
0.0
 30
0.0
  9
$USERI1
 70
0
  9
$USERI2
 70
0
  9
$USERI3
 70
0
  9
$USERI4
 70
0
  9
$USERI5
 70
0
  9
$USERR1
 40
0.0
  9
$USERR2
 40
0.0
  9
$USERR3
 40
0.0
  9
$USERR4
 40
0.0
  9
$USERR5
 40
0.0
  9
$WORLDVIEW
 70
1
  9
$SHADEDGE
 70
3
  9
$SHADEDIF
 70
70
  9
$TILEMODE
 70
1
  9
$MAXACTVP
 70
64
  9
$PINSBASE
 10
0.0
 20
0.0
 30
0.0
  9
$PLIMCHECK
 70
0
  9
$PEXTMIN
 10
1e+20
 20
1e+20
 30
1e+20
  9
$PEXTMAX
 10
-1e+20
 20
-1e+20
 30
-1e+20
  9
$PLIMMIN
 10
0.0
 20
0.0
  9
$PLIMMAX
 10
420.0
 20
297.0
  9
$UNITMODE
 70
0
  9
$VISRETAIN
 70
1
  9
$PLINEGEN
 70
0
  9
$PSLTSCALE
 70
1
  9
$TREEDEPTH
 70
3020
  9
$CMLSTYLE
  2
Standard
  9
$CMLJUST
 70
0
  9
$CMLSCALE
 40
20.0
  9
$PROXYGRAPHICS
 70
1
  9
$MEASUREMENT
 70
1
  9
$CELWEIGHT
370
-1
  9
$ENDCAPS
280
0
  9
$JOINSTYLE
280
0
  9
$LWDISPLAY
290
1
  9
$INSUNITS
 70
4
  9
$HYPERLINKBASE
  1

  9
$STYLESHEET
  1

  9
$XEDIT
290
1
  9
$CEPSNTYPE
380
0
  9
$PSTYLEMODE
290
1
  9
$FINGERPRINTGUID
  2
{00000000-0000-0000-0000-000000000000}
  9
$VERSIONGUID
  2
{00000000-0000-0000-0000-000000000000}
  9
$EXTNAMES
290
1
  9
$PSVPSCALE
 40
0.0
  9
$OLESTARTUP
290
0
  9
$SORTENTS
280
127
  9
$INDEXCTL
280
0
  9
$HIDETEXT
280
1
  9
$XCLIPFRAME
280
1
  9
$HALOGAP
280
0
  9
$OBSCOLOR
 70
257
  9
$OBSLTYPE
280
0
  9
$INTERSECTIONDISPLAY
280
0
  9
$INTERSECTIONCOLOR
 70
257
  9
$DIMASSOC
280
2
  9
$PROJECTNAME
  1

  9
$CAMERADISPLAY
290
0
  9
$LENSLENGTH
 40
50.0
  9
$CAMERAHEIGHT
 40
0.0
  9
$STEPSPERSEC
 40
24.0
  9
$STEPSIZE
 40
100.0
  9
$3DDWFPREC
 40
2.0
  9
$PSOLWIDTH
 40
0.005
  9
$PSOLHEIGHT
 40
0.08
  9
$LOFTANG1
 40
1.570796326795
  9
$LOFTANG2
 40
1.570796326795
  9
$LOFTMAG1
 40
0.0
  9
$LOFTMAG2
 40
0.0
  9
$LOFTPARAM
 70
7
  9
$LOFTNORMALS
280
1
  9
$LATITUDE
 40
37.795
  9
$LONGITUDE
 40
-122.394
  9
$NORTHDIRECTION
 40
0.0
  9
$TIMEZONE
 70
-8000
  9
$LIGHTGLYPHDISPLAY
280
1
  9
$TILEMODELIGHTSYNCH
280
1
  9
$CMATERIAL
347
20
  9
$SOLIDHIST
280
0
  9
$SHOWHIST
280
1
  9
$DWFFRAME
280
2
  9
$DGNFRAME
280
2
  9
$REALWORLDSCALE
290
1
  9
$INTERFERECOLOR
 62
256
  9
$CSHADOW
280
0
  9
$SHADOWPLANELOCATION
 40
0.0
  0
ENDSEC
  0
SECTION
  2
CLASSES
  0
CLASS
  1
ACDBDICTIONARYWDFLT
  2
AcDbDictionaryWithDefault
  3
ObjectDBX Classes
 90
0
 91
0
280
0
281
0
  0
CLASS
  1
SUN
  2
AcDbSun
  3
SCENEOE
 90
1153
 91
0
280
0
281
0
  0
CLASS
  1
VISUALSTYLE
  2
AcDbVisualStyle
  3
ObjectDBX Classes
 90
4095
 91
0
280
0
281
0
  0
CLASS
  1
MATERIAL
  2
AcDbMaterial
  3
ObjectDBX Classes
 90
1153
 91
0
280
0
281
0
  0
CLASS
  1
SCALE
  2
AcDbScale
  3
ObjectDBX Classes
 90
1153
 91
0
280
0
281
0
  0
CLASS
  1
TABLESTYLE
  2
AcDbTableStyle
  3
ObjectDBX Classes
 90
4095
 91
0
280
0
281
0
  0
CLASS
  1
MLEADERSTYLE
  2
AcDbMLeaderStyle
  3
ACDB_MLEADERSTYLE_CLASS
 90
4095
 91
0
280
0
281
0
  0
CLASS
  1
DICTIONARYVAR
  2
AcDbDictionaryVar
  3
ObjectDBX Classes
 90
0
 91
0
280
0
281
0
  0
CLASS
  1
CELLSTYLEMAP
  2
AcDbCellStyleMap
  3
ObjectDBX Classes
 90
1152
 91
0
280
0
281
0
  0
CLASS
  1
MENTALRAYRENDERSETTINGS
  2
AcDbMentalRayRenderSettings
  3
SCENEOE
 90
1024
 91
0
280
0
281
0
  0
CLASS
  1
ACDBDETAILVIEWSTYLE
  2
AcDbDetailViewStyle
  3
ObjectDBX Classes
 90
1025
 91
0
280
0
281
0
  0
CLASS
  1
ACDBSECTIONVIEWSTYLE
  2
AcDbSectionViewStyle
  3
ObjectDBX Classes
 90
1025
 91
0
280
0
281
0
  0
CLASS
  1
RASTERVARIABLES
  2
AcDbRasterVariables
  3
ISM
 90
0
 91
0
280
0
281
0
  0
CLASS
  1
ACDBPLACEHOLDER
  2
AcDbPlaceHolder
  3
ObjectDBX Classes
 90
0
 91
0
280
0
281
0
  0
CLASS
  1
LAYOUT
  2
AcDbLayout
  3
ObjectDBX Classes
 90
0
 91
0
280
0
281
0
  0
ENDSEC
  0
SECTION
  2
TABLES
  0
TABLE
  2
VPORT
  5
8
330
0
100
AcDbSymbolTable
 70
1
  0
VPORT
  5
32A
330
8
100
AcDbSymbolTableRecord
100
AcDbViewportTableRecord
  2
*Active
 70
0
 10
0.0
 20
0.0
 11
1.0
 21
1.0
 12
610.0
 22
440.0
 13
0.0
 23
0.0
 14
0.5
 24
0.5
 15
0.5
 25
0.5
 16
0.0
 26
0.0
 36
1.0
 17
0.0
 27
0.0
 37
0.0
 40
1090.0
 41
1.34
 42
50.0
 43
0.0
 44
0.0
 50
0.0
 51
0.0
 71
0
 72
1000
 73
1
 74
3
 75
0
 76
0
 77
0
 78
0
281
0
 65
1
110
0.0
120
0.0
130
0.0
111
1.0
121
0.0
131
0.0
112
0.0
122
1.0
132
0.0
 79
0
146
0.0
  0
ENDTAB
  0
TABLE
  2
LTYPE
  5
2
330
0
100
AcDbSymbolTable
 70
5
  0
LTYPE
  5
24
330
2
100
AcDbSymbolTableRecord
100
AcDbLinetypeTableRecord
  2
ByBlock
 70
0
  3

 72
65
 73
0
 40
0.0
  0
LTYPE
  5
25
330
2
100
AcDbSymbolTableRecord
100
AcDbLinetypeTableRecord
  2
ByLayer
 70
0
  3

 72
65
 73
0
 40
0.0
  0
LTYPE
  5
26
330
2
100
AcDbSymbolTableRecord
100
AcDbLinetypeTableRecord
  2
Continuous
 70
0
  3

 72
65
 73
0
 40
0.0
  0
LTYPE
  5
40
330
2
100
AcDbSymbolTableRecord
100
AcDbLinetypeTableRecord
  2
REF_DASH
 70
0
  3
Reference dash 4-2
 72
65
 73
2
 40
6.0
 49
4.0
 74
0
 49
-2.0
 74
0
  0
LTYPE
  5
41
330
2
100
AcDbSymbolTableRecord
100
AcDbLinetypeTableRecord
  2
A3_DASHDOT
 70
0
  3
A3 picture dash-dot
 72
65
 73
4
 40
13.0
 49
8.0
 74
0
 49
-2.0
 74
0
 49
1.0
 74
0
 49
-2.0
 74
0
  0
ENDTAB
  0
TABLE
  2
LAYER
  5
1
330
0
100
AcDbSymbolTable
 70
14
  0
LAYER
  5
27
330
1
100
AcDbSymbolTableRecord
100
AcDbLayerTableRecord
  2
0
 70
0
 62
7
  6
Continuous
370
-3
390
13
347
21
  0
LAYER
  5
28
330
1
100
AcDbSymbolTableRecord
100
AcDbLayerTableRecord
  2
Defpoints
 70
0
 62
7
  6
Continuous
290
0
370
-3
390
13
347
21
  0
LAYER
  5
34
330
1
100
AcDbSymbolTableRecord
100
AcDbLayerTableRecord
  2
BOARD_BOUNDARY
 70
0
 62
8
  6
Continuous
370
35
390
13
347
21
  0
LAYER
  5
35
330
1
100
AcDbSymbolTableRecord
100
AcDbLayerTableRecord
  2
CUT_THROUGH
 70
0
 62
7
  6
Continuous
370
35
390
13
347
21
  0
LAYER
  5
36
330
1
100
AcDbSymbolTableRecord
100
AcDbLayerTableRecord
  2
POCKET_10MM
 70
0
 62
30
  6
Continuous
370
25
390
13
347
21
  0
LAYER
  5
37
330
1
100
AcDbSymbolTableRecord
100
AcDbLayerTableRecord
  2
DOGBONE
 70
0
 62
6
  6
Continuous
370
25
390
13
347
21
  0
LAYER
  5
38
330
1
100
AcDbSymbolTableRecord
100
AcDbLayerTableRecord
  2
HINGE_REF
 70
0
 62
4
  6
REF_DASH
370
18
390
13
347
21
  0
LAYER
  5
39
330
1
100
AcDbSymbolTableRecord
100
AcDbLayerTableRecord
  2
LATCH_REF
 70
0
 62
4
  6
REF_DASH
370
18
390
13
347
21
  0
LAYER
  5
3A
330
1
100
AcDbSymbolTableRecord
100
AcDbLayerTableRecord
  2
PART_ID
 70
0
 62
7
  6
Continuous
370
18
390
13
347
21
  0
LAYER
  5
3B
330
1
100
AcDbSymbolTableRecord
100
AcDbLayerTableRecord
  2
DIMENSIONS
 70
0
 62
3
  6
Continuous
370
18
390
13
347
21
  0
LAYER
  5
3C
330
1
100
AcDbSymbolTableRecord
100
AcDbLayerTableRecord
  2
GRAIN_DIRECTION
 70
0
 62
3
  6
Continuous
370
35
390
13
347
21
  0
LAYER
  5
3D
330
1
100
AcDbSymbolTableRecord
100
AcDbLayerTableRecord
  2
ASSEMBLY_REFERENCE
 70
0
 62
8
  6
Continuous
370
18
390
13
347
21
  0
LAYER
  5
3E
330
1
100
AcDbSymbolTableRecord
100
AcDbLayerTableRecord
  2
JOINT_DETAILS_REF
 70
0
 62
8
  6
Continuous
370
18
390
13
347
21
  0
LAYER
  5
3F
330
1
100
AcDbSymbolTableRecord
100
AcDbLayerTableRecord
  2
NOTES
 70
0
 62
7
  6
Continuous
370
18
390
13
347
21
  0
ENDTAB
  0
TABLE
  2
STYLE
  5
5
330
0
100
AcDbSymbolTable
 70
1
  0
STYLE
  5
29
330
5
100
AcDbSymbolTableRecord
100
AcDbTextStyleTableRecord
  2
Standard
 70
0
 40
0.0
 41
1.0
 50
0.0
 71
0
 42
2.5
  3
txt
  4

  0
ENDTAB
  0
TABLE
  2
VIEW
  5
7
330
0
100
AcDbSymbolTable
 70
0
  0
ENDTAB
  0
TABLE
  2
UCS
  5
6
330
0
100
AcDbSymbolTable
 70
0
  0
ENDTAB
  0
TABLE
  2
APPID
  5
3
330
0
100
AcDbSymbolTable
 70
4
  0
APPID
  5
2A
330
3
100
AcDbSymbolTableRecord
100
AcDbRegAppTableRecord
  2
ACAD
 70
0
  0
APPID
  5
33
330
3
100
AcDbSymbolTableRecord
100
AcDbRegAppTableRecord
  2
HANOK_PORTRAIT_DL
 70
0
  0
APPID
  5
32B
330
3
100
AcDbSymbolTableRecord
100
AcDbRegAppTableRecord
  2
HATCHBACKGROUNDCOLOR
 70
0
  0
APPID
  5
32C
330
3
100
AcDbSymbolTableRecord
100
AcDbRegAppTableRecord
  2
EZDXF
 70
0
  0
ENDTAB
  0
TABLE
  2
DIMSTYLE
  5
4
330
0
100
AcDbSymbolTable
 70
1
100
AcDbDimStyleTable
  0
DIMSTYLE
105
2B
330
4
100
AcDbSymbolTableRecord
100
AcDbDimStyleTableRecord
  2
Standard
 70
0
 40
1.0
 41
2.5
 42
0.625
 43
3.75
 44
1.25
 45
0.0
 46
0.0
 47
0.0
 48
0.0
 49
2.5
140
2.5
141
2.5
142
0.0
143
0.03937007874
144
1.0
145
0.0
146
1.0
147
0.625
148
0.0
 69
0
 70
0
 71
0
 72
0
 73
0
 74
0
 75
0
 76
0
 77
1
 78
8
 79
3
170
0
171
3
172
1
173
0
174
0
175
0
176
0
177
0
178
0
179
2
271
2
272
2
273
2
274
3
275
0
276
0
277
2
278
44
279
0
280
0
281
0
282
0
283
0
284
8
285
0
286
0
288
0
289
3
290
0
371
-2
372
-2
  0
ENDTAB
  0
TABLE
  2
BLOCK_RECORD
  5
9
330
0
100
AcDbSymbolTable
 70
2
  0
BLOCK_RECORD
  5
17
330
9
100
AcDbSymbolTableRecord
100
AcDbBlockTableRecord
  2
*Model_Space
340
1A
 70
0
280
1
281
0
  0
BLOCK_RECORD
  5
1B
330
9
100
AcDbSymbolTableRecord
100
AcDbBlockTableRecord
  2
*Paper_Space
340
1E
 70
0
280
1
281
0
  0
ENDTAB
  0
ENDSEC
  0
SECTION
  2
BLOCKS
  0
BLOCK
  5
18
330
17
100
AcDbEntity
  8
0
100
AcDbBlockBegin
  2
*Model_Space
 70
0
 10
0.0
 20
0.0
 30
0.0
  3
*Model_Space
  1

  0
ENDBLK
  5
19
330
17
100
AcDbEntity
  8
0
100
AcDbBlockEnd
  0
BLOCK
  5
1C
330
1B
100
AcDbEntity
  8
0
100
AcDbBlockBegin
  2
*Paper_Space
 70
0
 10
0.0
 20
0.0
 30
0.0
  3
*Paper_Space
  1

  0
ENDBLK
  5
1D
330
1B
100
AcDbEntity
  8
0
100
AcDbBlockEnd
  0
ENDSEC
  0
SECTION
  2
ENTITIES
  0
LWPOLYLINE
  5
42
330
17
100
AcDbEntity
  8
CUT_THROUGH
100
AcDbPolyline
 90
4
 70
1
 10
20.0
 20
20.0
 10
606.0
 20
20.0
 10
606.0
 20
60.0
 10
20.0
 20
60.0
1001
HANOK_PORTRAIT_DL
1000
{"kind":"part","part_id":"F01-1","family":"F01","length_mm":586.0,"width_mm":40.0,"thickness_mm":20,"depth_mm":20,"nesting_origin":[20,20],"assembly_map":[0,1,-1,0,0,586],"assembly_face_A":"FRONT","assembly_group":"FIXED","machining_face":"
1000
A"}
  0
TEXT
  5
43
330
17
100
AcDbEntity
  8
PART_ID
100
AcDbText
 10
313.0
 20
32.4
 30
0.0
 40
4.5
  1
F01-1
 72
1
 11
313.0
 21
32.4
 31
0.0
100
AcDbText
 73
2
1001
HANOK_PORTRAIT_DL
1000
{"text_align":"center","kind":"part_id","part_id":"F01-1","view":"nest"}
  0
LWPOLYLINE
  5
44
330
17
100
AcDbEntity
  8
POCKET_10MM
100
AcDbPolyline
 90
4
 70
1
 10
20.0
 20
20.0
 10
60.0
 20
20.0
 10
60.0
 20
60.0
 10
20.0
 20
60.0
1001
HANOK_PORTRAIT_DL
1000
{"kind":"pocket","part_id":"F01-1","feature_id":"F01-1-P01","joint":"J1","joint_id":"PAIR-01","mate_part_id":"F02-2","mate_feature_id":"F02-2-P01","seat":false,"depth_mm":10.0,"local_rect":[0,0,40,40],"open_edges":["U_MIN","V_MIN","V_MAX"],
1000
"machining_face":"A"}
  0
LWPOLYLINE
  5
45
330
17
100
AcDbEntity
  8
POCKET_10MM
100
AcDbPolyline
 90
4
 70
1
 10
566.0
 20
20.0
 10
606.0
 20
20.0
 10
606.0
 20
60.0
 10
566.0
 20
60.0
1001
HANOK_PORTRAIT_DL
1000
{"kind":"pocket","part_id":"F01-1","feature_id":"F01-1-P02","joint":"J1","joint_id":"PAIR-02","mate_part_id":"F02-1","mate_feature_id":"F02-1-P02","seat":false,"depth_mm":10.0,"local_rect":[546,0,40,40],"open_edges":["U_MAX","V_MIN","V_MAX"
1000
],"machining_face":"A"}
  0
LWPOLYLINE
  5
46
330
17
100
AcDbEntity
  8
CUT_THROUGH
100
AcDbPolyline
 90
4
 70
1
 10
20.0
 20
72.0
 10
606.0
 20
72.0
 10
606.0
 20
112.0
 10
20.0
 20
112.0
1001
HANOK_PORTRAIT_DL
1000
{"kind":"part","part_id":"F01-2","family":"F01","length_mm":586.0,"width_mm":40.0,"thickness_mm":20,"depth_mm":20,"nesting_origin":[20,72],"assembly_map":[0,-1,1,0,463,0],"assembly_face_A":"FRONT","assembly_group":"FIXED","machining_face":"
1000
A"}
  0
TEXT
  5
47
330
17
100
AcDbEntity
  8
PART_ID
100
AcDbText
 10
313.0
 20
84.4
 30
0.0
 40
4.5
  1
F01-2
 72
1
 11
313.0
 21
84.4
 31
0.0
100
AcDbText
 73
2
1001
HANOK_PORTRAIT_DL
1000
{"text_align":"center","kind":"part_id","part_id":"F01-2","view":"nest"}
  0
LWPOLYLINE
  5
48
330
17
100
AcDbEntity
  8
POCKET_10MM
100
AcDbPolyline
 90
4
 70
1
 10
20.0
 20
72.0
 10
60.0
 20
72.0
 10
60.0
 20
112.0
 10
20.0
 20
112.0
1001
HANOK_PORTRAIT_DL
1000
{"kind":"pocket","part_id":"F01-2","feature_id":"F01-2-P01","joint":"J1","joint_id":"PAIR-03","mate_part_id":"F02-1","mate_feature_id":"F02-1-P01","seat":false,"depth_mm":10.0,"local_rect":[0,0,40,40],"open_edges":["U_MIN","V_MIN","V_MAX"],
1000
"machining_face":"A"}
  0
LWPOLYLINE
  5
49
330
17
100
AcDbEntity
  8
POCKET_10MM
100
AcDbPolyline
 90
4
 70
1
 10
566.0
 20
72.0
 10
606.0
 20
72.0
 10
606.0
 20
112.0
 10
566.0
 20
112.0
1001
HANOK_PORTRAIT_DL
1000
{"kind":"pocket","part_id":"F01-2","feature_id":"F01-2-P02","joint":"J1","joint_id":"PAIR-04","mate_part_id":"F02-2","mate_feature_id":"F02-2-P02","seat":false,"depth_mm":10.0,"local_rect":[546,0,40,40],"open_edges":["U_MAX","V_MIN","V_MAX"
1000
],"machining_face":"A"}
  0
LWPOLYLINE
  5
4A
330
17
100
AcDbEntity
  8
CUT_THROUGH
100
AcDbPolyline
 90
4
 70
1
 10
618.0
 20
20.0
 10
1081.0
 20
20.0
 10
1081.0
 20
60.0
 10
618.0
 20
60.0
1001
HANOK_PORTRAIT_DL
1000
{"kind":"part","part_id":"F02-1","family":"F02","length_mm":463.0,"width_mm":40.0,"thickness_mm":20,"depth_mm":20,"nesting_origin":[618,20],"assembly_map":[-1,0,0,1,463,0],"assembly_face_A":"BACK","assembly_group":"FIXED","machining_face":"
1000
A"}
  0
TEXT
  5
4B
330
17
100
AcDbEntity
  8
PART_ID
100
AcDbText
 10
849.5
 20
32.4
 30
0.0
 40
4.5
  1
F02-1
 72
1
 11
849.5
 21
32.4
 31
0.0
100
AcDbText
 73
2
1001
HANOK_PORTRAIT_DL
1000
{"text_align":"center","kind":"part_id","part_id":"F02-1","view":"nest"}
  0
LWPOLYLINE
  5
4C
330
17
100
AcDbEntity
  8
POCKET_10MM
100
AcDbPolyline
 90
4
 70
1
 10
618.0
 20
20.0
 10
658.0
 20
20.0
 10
658.0
 20
60.0
 10
618.0
 20
60.0
1001
HANOK_PORTRAIT_DL
1000
{"kind":"pocket","part_id":"F02-1","feature_id":"F02-1-P01","joint":"J1","joint_id":"PAIR-03","mate_part_id":"F01-2","mate_feature_id":"F01-2-P01","seat":false,"depth_mm":10.0,"local_rect":[0,0,40,40],"open_edges":["U_MIN","V_MIN","V_MAX"],
1000
"machining_face":"A"}
  0
LWPOLYLINE
  5
4D
330
17
100
AcDbEntity
  8
POCKET_10MM
100
AcDbPolyline
 90
4
 70
1
 10
1041.0
 20
20.0
 10
1081.0
 20
20.0
 10
1081.0
 20
60.0
 10
1041.0
 20
60.0
1001
HANOK_PORTRAIT_DL
1000
{"kind":"pocket","part_id":"F02-1","feature_id":"F02-1-P02","joint":"J1","joint_id":"PAIR-02","mate_part_id":"F01-1","mate_feature_id":"F01-1-P02","seat":false,"depth_mm":10.0,"local_rect":[423,0,40,40],"open_edges":["U_MAX","V_MIN","V_MAX"
1000
],"machining_face":"A"}
  0
LWPOLYLINE
  5
4E
330
17
100
AcDbEntity
  8
CUT_THROUGH
100
AcDbPolyline
 90
4
 70
1
 10
618.0
 20
72.0
 10
1081.0
 20
72.0
 10
1081.0
 20
112.0
 10
618.0
 20
112.0
1001
HANOK_PORTRAIT_DL
1000
{"kind":"part","part_id":"F02-2","family":"F02","length_mm":463.0,"width_mm":40.0,"thickness_mm":20,"depth_mm":20,"nesting_origin":[618,72],"assembly_map":[1,0,0,-1,0,586],"assembly_face_A":"BACK","assembly_group":"FIXED","machining_face":"
1000
A"}
  0
TEXT
  5
4F
330
17
100
AcDbEntity
  8
PART_ID
100
AcDbText
 10
849.5
 20
84.4
 30
0.0
 40
4.5
  1
F02-2
 72
1
 11
849.5
 21
84.4
 31
0.0
100
AcDbText
 73
2
1001
HANOK_PORTRAIT_DL
1000
{"text_align":"center","kind":"part_id","part_id":"F02-2","view":"nest"}
  0
LWPOLYLINE
  5
50
330
17
100
AcDbEntity
  8
POCKET_10MM
100
AcDbPolyline
 90
4
 70
1
 10
618.0
 20
72.0
 10
658.0
 20
72.0
 10
658.0
 20
112.0
 10
618.0
 20
112.0
1001
HANOK_PORTRAIT_DL
1000
{"kind":"pocket","part_id":"F02-2","feature_id":"F02-2-P01","joint":"J1","joint_id":"PAIR-01","mate_part_id":"F01-1","mate_feature_id":"F01-1-P01","seat":false,"depth_mm":10.0,"local_rect":[0,0,40,40],"open_edges":["U_MIN","V_MIN","V_MAX"],
1000
"machining_face":"A"}
  0
LWPOLYLINE
  5
51
330
17
100
AcDbEntity
  8
POCKET_10MM
100
AcDbPolyline
 90
4
 70
1
 10
1041.0
 20
72.0
 10
1081.0
 20
72.0
 10
1081.0
 20
112.0
 10
1041.0
 20
112.0
1001
HANOK_PORTRAIT_DL
1000
{"kind":"pocket","part_id":"F02-2","feature_id":"F02-2-P02","joint":"J1","joint_id":"PAIR-04","mate_part_id":"F01-2","mate_feature_id":"F01-2-P02","seat":false,"depth_mm":10.0,"local_rect":[423,0,40,40],"open_edges":["U_MAX","V_MIN","V_MAX"
1000
],"machining_face":"A"}
  0
LWPOLYLINE
  5
52
330
17
100
AcDbEntity
  8
CUT_THROUGH
100
AcDbPolyline
 90
4
 70
1
 10
20.0
 20
124.0
 10
520.0
 20
124.0
 10
520.0
 20
154.0
 10
20.0
 20
154.0
1001
HANOK_PORTRAIT_DL
1000
{"kind":"part","part_id":"S01-1","family":"S01","length_mm":500.0,"width_mm":30.0,"thickness_mm":20,"depth_mm":20,"nesting_origin":[20,124],"assembly_map":[0,1,-1,0,43.0,543],"assembly_face_A":"FRONT","assembly_group":"LEFT_LEAF","machining
1000
_face":"A"}
  0
TEXT
  5
53
330
17
100
AcDbEntity
  8
PART_ID
100
AcDbText
 10
220.0
 20
133.3
 30
0.0
 40
4.5
  1
S01-1
 72
1
 11
220.0
 21
133.3
 31
0.0
100
AcDbText
 73
2
1001
HANOK_PORTRAIT_DL
1000
{"text_align":"center","kind":"part_id","part_id":"S01-1","view":"nest"}
  0
LWPOLYLINE
  5
54
330
17
100
AcDbEntity
  8
POCKET_10MM
100
AcDbPolyline
 90
4
 70
1
 10
20.0
 20
124.0
 10
50.0
 20
124.0
 10
50.0
 20
154.0
 10
20.0
 20
154.0
1001
HANOK_PORTRAIT_DL
1000
{"kind":"pocket","part_id":"S01-1","feature_id":"S01-1-P01","joint":"J2","joint_id":"PAIR-05","mate_part_id":"S02-2","mate_feature_id":"S02-2-P01","seat":false,"depth_mm":10.0,"local_rect":[0,0.0,30,30.0],"open_edges":["U_MIN","V_MIN","V_MA
1000
X"],"machining_face":"A"}
  0
LWPOLYLINE
  5
55
330
17
100
AcDbEntity
  8
POCKET_10MM
100
AcDbPolyline
 90
4
 70
1
 10
490.0
 20
124.0
 10
520.0
 20
124.0
 10
520.0
 20
154.0
 10
490.0
 20
154.0
1001
HANOK_PORTRAIT_DL
1000
{"kind":"pocket","part_id":"S01-1","feature_id":"S01-1-P02","joint":"J2","joint_id":"PAIR-06","mate_part_id":"S02-1","mate_feature_id":"S02-1-P02","seat":false,"depth_mm":10.0,"local_rect":[470,0.0,30,30.0],"open_edges":["U_MAX","V_MIN","V_
1000
MAX"],"machining_face":"A"}
  0
LWPOLYLINE
  5
56
330
17
100
AcDbEntity
  8
POCKET_10MM
100
AcDbPolyline
 90
4
 70
1
 10
130.0
 20
144.0
 10
140.0
 20
144.0
 10
140.0
 20
154.0
 10
130.0
 20
154.0
1001
HANOK_PORTRAIT_DL
1000
{"kind":"pocket","part_id":"S01-1","feature_id":"S01-1-P03","joint":"J4","joint_id":"PAIR-07","mate_part_id":"L02-4","mate_feature_id":"L02-4-P01","seat":true,"depth_mm":10.0,"local_rect":[110.0,20.0,10.0,10.0],"open_edges":["V_MAX"],"machi
1000
ning_face":"A"}
  0
LWPOLYLINE
  5
57
330
17
100
AcDbEntity
  8
POCKET_10MM
100
AcDbPolyline
 90
4
 70
1
 10
220.0
 20
144.0
 10
230.0
 20
144.0
 10
230.0
 20
154.0
 10
220.0
 20
154.0
1001
HANOK_PORTRAIT_DL
1000
{"kind":"pocket","part_id":"S01-1","feature_id":"S01-1-P04","joint":"J4","joint_id":"PAIR-08","mate_part_id":"L02-3","mate_feature_id":"L02-3-P01","seat":true,"depth_mm":10.0,"local_rect":[200.0,20.0,10.0,10.0],"open_edges":["V_MAX"],"machi
1000
ning_face":"A"}
  0
LWPOLYLINE
  5
58
330
17
100
AcDbEntity
  8
POCKET_10MM
100
AcDbPolyline
 90
4
 70
1
 10
310.0
 20
144.0
 10
320.0
 20
144.0
 10
320.0
 20
154.0
 10
310.0
 20
154.0
1001
HANOK_PORTRAIT_DL
1000
{"kind":"pocket","part_id":"S01-1","feature_id":"S01-1-P05","joint":"J4","joint_id":"PAIR-09","mate_part_id":"L02-2","mate_feature_id":"L02-2-P01","seat":true,"depth_mm":10.0,"local_rect":[290.0,20.0,10.0,10.0],"open_edges":["V_MAX"],"machi
1000
ning_face":"A"}
  0
LWPOLYLINE
  5
59
330
17
100
AcDbEntity
  8
POCKET_10MM
100
AcDbPolyline
 90
4
 70
1
 10
400.0
 20
144.0
 10
410.0
 20
144.0
 10
410.0
 20
154.0
 10
400.0
 20
154.0
1001
HANOK_PORTRAIT_DL
1000
{"kind":"pocket","part_id":"S01-1","feature_id":"S01-1-P06","joint":"J4","joint_id":"PAIR-10","mate_part_id":"L02-1","mate_feature_id":"L02-1-P01","seat":true,"depth_mm":10.0,"local_rect":[380.0,20.0,10.0,10.0],"open_edges":["V_MAX"],"machi
1000
ning_face":"A"}
  0
LWPOLYLINE
  5
5A
330
17
100
AcDbEntity
  8
DOGBONE
100
AcDbPolyline
 90
2
 70
1
 10
133.2
 20
144.0
 42
1.0
 10
126.8
 20
144.0
 42
1.0
1001
HANOK_PORTRAIT_DL
1000
{"kind":"dogbone","part_id":"S01-1","feature_id":"S01-1-P03-DB-L","parent_pocket":"S01-1-P03","depth_mm":10.0,"radius_mm":3.2,"local_center":[110.0,20.0],"operation":"UNION_WITH_PARENT_POCKET","machining_face":"A"}
  0
LWPOLYLINE
  5
5B
330
17
100
AcDbEntity
  8
DOGBONE
100
AcDbPolyline
 90
2
 70
1
 10
143.2
 20
144.0
 42
1.0
 10
136.8
 20
144.0
 42
1.0
1001
HANOK_PORTRAIT_DL
1000
{"kind":"dogbone","part_id":"S01-1","feature_id":"S01-1-P03-DB-R","parent_pocket":"S01-1-P03","depth_mm":10.0,"radius_mm":3.2,"local_center":[120.0,20.0],"operation":"UNION_WITH_PARENT_POCKET","machining_face":"A"}
  0
LWPOLYLINE
  5
5C
330
17
100
AcDbEntity
  8
DOGBONE
100
AcDbPolyline
 90
2
 70
1
 10
223.2
 20
144.0
 42
1.0
 10
216.8
 20
144.0
 42
1.0
1001
HANOK_PORTRAIT_DL
1000
{"kind":"dogbone","part_id":"S01-1","feature_id":"S01-1-P04-DB-L","parent_pocket":"S01-1-P04","depth_mm":10.0,"radius_mm":3.2,"local_center":[200.0,20.0],"operation":"UNION_WITH_PARENT_POCKET","machining_face":"A"}
  0
LWPOLYLINE
  5
5D
330
17
100
AcDbEntity
  8
DOGBONE
100
AcDbPolyline
 90
2
 70
1
 10
233.2
 20
144.0
 42
1.0
 10
226.8
 20
144.0
 42
1.0
1001
HANOK_PORTRAIT_DL
1000
{"kind":"dogbone","part_id":"S01-1","feature_id":"S01-1-P04-DB-R","parent_pocket":"S01-1-P04","depth_mm":10.0,"radius_mm":3.2,"local_center":[210.0,20.0],"operation":"UNION_WITH_PARENT_POCKET","machining_face":"A"}
  0
LWPOLYLINE
  5
5E
330
17
100
AcDbEntity
  8
DOGBONE
100
AcDbPolyline
 90
2
 70
1
 10
313.2
 20
144.0
 42
1.0
 10
306.8
 20
144.0
 42
1.0
1001
HANOK_PORTRAIT_DL
1000
{"kind":"dogbone","part_id":"S01-1","feature_id":"S01-1-P05-DB-L","parent_pocket":"S01-1-P05","depth_mm":10.0,"radius_mm":3.2,"local_center":[290.0,20.0],"operation":"UNION_WITH_PARENT_POCKET","machining_face":"A"}
  0
LWPOLYLINE
  5
5F
330
17
100
AcDbEntity
  8
DOGBONE
100
AcDbPolyline
 90
2
 70
1
 10
323.2
 20
144.0
 42
1.0
 10
316.8
 20
144.0
 42
1.0
1001
HANOK_PORTRAIT_DL
1000
{"kind":"dogbone","part_id":"S01-1","feature_id":"S01-1-P05-DB-R","parent_pocket":"S01-1-P05","depth_mm":10.0,"radius_mm":3.2,"local_center":[300.0,20.0],"operation":"UNION_WITH_PARENT_POCKET","machining_face":"A"}
  0
LWPOLYLINE
  5
60
330
17
100
AcDbEntity
  8
DOGBONE
100
AcDbPolyline
 90
2
 70
1
 10
403.2
 20
144.0
 42
1.0
 10
396.8
 20
144.0
 42
1.0
1001
HANOK_PORTRAIT_DL
1000
{"kind":"dogbone","part_id":"S01-1","feature_id":"S01-1-P06-DB-L","parent_pocket":"S01-1-P06","depth_mm":10.0,"radius_mm":3.2,"local_center":[380.0,20.0],"operation":"UNION_WITH_PARENT_POCKET","machining_face":"A"}
  0
LWPOLYLINE
  5
61
330
17
100
AcDbEntity
  8
DOGBONE
100
AcDbPolyline
 90
2
 70
1
 10
413.2
 20
144.0
 42
1.0
 10
406.8
 20
144.0
 42
1.0
1001
HANOK_PORTRAIT_DL
1000
{"kind":"dogbone","part_id":"S01-1","feature_id":"S01-1-P06-DB-R","parent_pocket":"S01-1-P06","depth_mm":10.0,"radius_mm":3.2,"local_center":[390.0,20.0],"operation":"UNION_WITH_PARENT_POCKET","machining_face":"A"}
  0
LWPOLYLINE
  5
62
330
17
100
AcDbEntity
  8
CUT_THROUGH
100
AcDbPolyline
 90
4
 70
1
 10
532.0
 20
124.0
 10
1032.0
 20
124.0
 10
1032.0
 20
154.0
 10
532.0
 20
154.0
1001
HANOK_PORTRAIT_DL
1000
{"kind":"part","part_id":"S01-2","family":"S01","length_mm":500.0,"width_mm":30.0,"thickness_mm":20,"depth_mm":20,"nesting_origin":[532,124],"assembly_map":[0,-1,1,0,230.0,43],"assembly_face_A":"FRONT","assembly_group":"LEFT_LEAF","machinin
1000
g_face":"A"}
  0
TEXT
  5
63
330
17
100
AcDbEntity
  8
PART_ID
100
AcDbText
 10
732.0
 20
133.3
 30
0.0
 40
4.5
  1
S01-2
 72
1
 11
732.0
 21
133.3
 31
0.0
100
AcDbText
 73
2
1001
HANOK_PORTRAIT_DL
1000
{"text_align":"center","kind":"part_id","part_id":"S01-2","view":"nest"}
  0
LWPOLYLINE
  5
64
330
17
100
AcDbEntity
  8
POCKET_10MM
100
AcDbPolyline
 90
4
 70
1
 10
532.0
 20
124.0
 10
562.0
 20
124.0
 10
562.0
 20
154.0
 10
532.0
 20
154.0
1001
HANOK_PORTRAIT_DL
1000
{"kind":"pocket","part_id":"S01-2","feature_id":"S01-2-P01","joint":"J2","joint_id":"PAIR-11","mate_part_id":"S02-1","mate_feature_id":"S02-1-P01","seat":false,"depth_mm":10.0,"local_rect":[0,0.0,30,30.0],"open_edges":["U_MIN","V_MIN","V_MA
1000
X"],"machining_face":"A"}
  0
LWPOLYLINE
  5
65
330
17
100
AcDbEntity
  8
POCKET_10MM
100
AcDbPolyline
 90
4
 70
1
 10
1002.0
 20
124.0
 10
1032.0
 20
124.0
 10
1032.0
 20
154.0
 10
1002.0
 20
154.0
1001
HANOK_PORTRAIT_DL
1000
{"kind":"pocket","part_id":"S01-2","feature_id":"S01-2-P02","joint":"J2","joint_id":"PAIR-12","mate_part_id":"S02-2","mate_feature_id":"S02-2-P02","seat":false,"depth_mm":10.0,"local_rect":[470,0.0,30,30.0],"open_edges":["U_MAX","V_MIN","V_
1000
MAX"],"machining_face":"A"}
  0
LWPOLYLINE
  5
66
330
17
100
AcDbEntity
  8
POCKET_10MM
100
AcDbPolyline
 90
4
 70
1
 10
642.0
 20
144.0
 10
652.0
 20
144.0
 10
652.0
 20
154.0
 10
642.0
 20
154.0
1001
HANOK_PORTRAIT_DL
1000
{"kind":"pocket","part_id":"S01-2","feature_id":"S01-2-P03","joint":"J4","joint_id":"PAIR-13","mate_part_id":"L02-1","mate_feature_id":"L02-1-P02","seat":true,"depth_mm":10.0,"local_rect":[110.0,20.0,10.0,10.0],"open_edges":["V_MAX"],"machi
1000
ning_face":"A"}
  0
LWPOLYLINE
  5
67
330
17
100
AcDbEntity
  8
POCKET_10MM
100
AcDbPolyline
 90
4
 70
1
 10
732.0
 20
144.0
 10
742.0
 20
144.0
 10
742.0
 20
154.0
 10
732.0
 20
154.0
1001
HANOK_PORTRAIT_DL
1000
{"kind":"pocket","part_id":"S01-2","feature_id":"S01-2-P04","joint":"J4","joint_id":"PAIR-14","mate_part_id":"L02-2","mate_feature_id":"L02-2-P02","seat":true,"depth_mm":10.0,"local_rect":[200.0,20.0,10.0,10.0],"open_edges":["V_MAX"],"machi
1000
ning_face":"A"}
  0
LWPOLYLINE
  5
68
330
17
100
AcDbEntity
  8
POCKET_10MM
100
AcDbPolyline
 90
4
 70
1
 10
822.0
 20
144.0
 10
832.0
 20
144.0
 10
832.0
 20
154.0
 10
822.0
 20
154.0
1001
HANOK_PORTRAIT_DL
1000
{"kind":"pocket","part_id":"S01-2","feature_id":"S01-2-P05","joint":"J4","joint_id":"PAIR-15","mate_part_id":"L02-3","mate_feature_id":"L02-3-P02","seat":true,"depth_mm":10.0,"local_rect":[290.0,20.0,10.0,10.0],"open_edges":["V_MAX"],"machi
1000
ning_face":"A"}
  0
LWPOLYLINE
  5
69
330
17
100
AcDbEntity
  8
POCKET_10MM
100
AcDbPolyline
 90
4
 70
1
 10
912.0
 20
144.0
 10
922.0
 20
144.0
 10
922.0
 20
154.0
 10
912.0
 20
154.0
1001
HANOK_PORTRAIT_DL
1000
{"kind":"pocket","part_id":"S01-2","feature_id":"S01-2-P06","joint":"J4","joint_id":"PAIR-16","mate_part_id":"L02-4","mate_feature_id":"L02-4-P02","seat":true,"depth_mm":10.0,"local_rect":[380.0,20.0,10.0,10.0],"open_edges":["V_MAX"],"machi
1000
ning_face":"A"}
  0
LWPOLYLINE
  5
6A
330
17
100
AcDbEntity
  8
DOGBONE
100
AcDbPolyline
 90
2
 70
1
 10
645.2
 20
144.0
 42
1.0
 10
638.8
 20
144.0
 42
1.0
1001
HANOK_PORTRAIT_DL
1000
{"kind":"dogbone","part_id":"S01-2","feature_id":"S01-2-P03-DB-L","parent_pocket":"S01-2-P03","depth_mm":10.0,"radius_mm":3.2,"local_center":[110.0,20.0],"operation":"UNION_WITH_PARENT_POCKET","machining_face":"A"}
  0
LWPOLYLINE
  5
6B
330
17
100
AcDbEntity
  8
DOGBONE
100
AcDbPolyline
 90
2
 70
1
 10
655.2
 20
144.0
 42
1.0
 10
648.8
 20
144.0
 42
1.0
1001
HANOK_PORTRAIT_DL
1000
{"kind":"dogbone","part_id":"S01-2","feature_id":"S01-2-P03-DB-R","parent_pocket":"S01-2-P03","depth_mm":10.0,"radius_mm":3.2,"local_center":[120.0,20.0],"operation":"UNION_WITH_PARENT_POCKET","machining_face":"A"}
  0
LWPOLYLINE
  5
6C
330
17
100
AcDbEntity
  8
DOGBONE
100
AcDbPolyline
 90
2
 70
1
 10
735.2
 20
144.0
 42
1.0
 10
728.8
 20
144.0
 42
1.0
1001
HANOK_PORTRAIT_DL
1000
{"kind":"dogbone","part_id":"S01-2","feature_id":"S01-2-P04-DB-L","parent_pocket":"S01-2-P04","depth_mm":10.0,"radius_mm":3.2,"local_center":[200.0,20.0],"operation":"UNION_WITH_PARENT_POCKET","machining_face":"A"}
  0
LWPOLYLINE
  5
6D
330
17
100
AcDbEntity
  8
DOGBONE
100
AcDbPolyline
 90
2
 70
1
 10
745.2
 20
144.0
 42
1.0
 10
738.8
 20
144.0
 42
1.0
1001
HANOK_PORTRAIT_DL
1000
{"kind":"dogbone","part_id":"S01-2","feature_id":"S01-2-P04-DB-R","parent_pocket":"S01-2-P04","depth_mm":10.0,"radius_mm":3.2,"local_center":[210.0,20.0],"operation":"UNION_WITH_PARENT_POCKET","machining_face":"A"}
  0
LWPOLYLINE
  5
6E
330
17
100
AcDbEntity
  8
DOGBONE
100
AcDbPolyline
 90
2
 70
1
 10
825.2
 20
144.0
 42
1.0
 10
818.8
 20
144.0
 42
1.0
1001
HANOK_PORTRAIT_DL
1000
{"kind":"dogbone","part_id":"S01-2","feature_id":"S01-2-P05-DB-L","parent_pocket":"S01-2-P05","depth_mm":10.0,"radius_mm":3.2,"local_center":[290.0,20.0],"operation":"UNION_WITH_PARENT_POCKET","machining_face":"A"}
  0
LWPOLYLINE
  5
6F
330
17
100
AcDbEntity
  8
DOGBONE
100
AcDbPolyline
 90
2
 70
1
 10
835.2
 20
144.0
 42
1.0
 10
828.8
 20
144.0
 42
1.0
1001
HANOK_PORTRAIT_DL
1000
{"kind":"dogbone","part_id":"S01-2","feature_id":"S01-2-P05-DB-R","parent_pocket":"S01-2-P05","depth_mm":10.0,"radius_mm":3.2,"local_center":[300.0,20.0],"operation":"UNION_WITH_PARENT_POCKET","machining_face":"A"}
  0
LWPOLYLINE
  5
70
330
17
100
AcDbEntity
  8
DOGBONE
100
AcDbPolyline
 90
2
 70
1
 10
915.2
 20
144.0
 42
1.0
 10
908.8
 20
144.0
 42
1.0
1001
HANOK_PORTRAIT_DL
1000
{"kind":"dogbone","part_id":"S01-2","feature_id":"S01-2-P06-DB-L","parent_pocket":"S01-2-P06","depth_mm":10.0,"radius_mm":3.2,"local_center":[380.0,20.0],"operation":"UNION_WITH_PARENT_POCKET","machining_face":"A"}
  0
LWPOLYLINE
  5
71
330
17
100
AcDbEntity
  8
DOGBONE
100
AcDbPolyline
 90
2
 70
1
 10
925.2
 20
144.0
 42
1.0
 10
918.8
 20
144.0
 42
1.0
1001
HANOK_PORTRAIT_DL
1000
{"kind":"dogbone","part_id":"S01-2","feature_id":"S01-2-P06-DB-R","parent_pocket":"S01-2-P06","depth_mm":10.0,"radius_mm":3.2,"local_center":[390.0,20.0],"operation":"UNION_WITH_PARENT_POCKET","machining_face":"A"}
  0
LWPOLYLINE
  5
72
330
17
100
AcDbEntity
  8
CUT_THROUGH
100
AcDbPolyline
 90
4
 70
1
 10
20.0
 20
166.0
 10
520.0
 20
166.0
 10
520.0
 20
196.0
 10
20.0
 20
196.0
1001
HANOK_PORTRAIT_DL
1000
{"kind":"part","part_id":"S01-3","family":"S01","length_mm":500.0,"width_mm":30.0,"thickness_mm":20,"depth_mm":20,"nesting_origin":[20,166.0],"assembly_map":[0,1,-1,0,233.0,543],"assembly_face_A":"FRONT","assembly_group":"RIGHT_LEAF","machi
1000
ning_face":"A"}
  0
TEXT
  5
73
330
17
100
AcDbEntity
  8
PART_ID
100
AcDbText
 10
220.0
 20
175.3
 30
0.0
 40
4.5
  1
S01-3
 72
1
 11
220.0
 21
175.3
 31
0.0
100
AcDbText
 73
2
1001
HANOK_PORTRAIT_DL
1000
{"text_align":"center","kind":"part_id","part_id":"S01-3","view":"nest"}
  0
LWPOLYLINE
  5
74
330
17
100
AcDbEntity
  8
POCKET_10MM
100
AcDbPolyline
 90
4
 70
1
 10
20.0
 20
166.0
 10
50.0
 20
166.0
 10
50.0
 20
196.0
 10
20.0
 20
196.0
1001
HANOK_PORTRAIT_DL
1000
{"kind":"pocket","part_id":"S01-3","feature_id":"S01-3-P01","joint":"J2","joint_id":"PAIR-17","mate_part_id":"S02-4","mate_feature_id":"S02-4-P01","seat":false,"depth_mm":10.0,"local_rect":[0,0.0,30,30.0],"open_edges":["U_MIN","V_MIN","V_MA
1000
X"],"machining_face":"A"}
  0
LWPOLYLINE
  5
75
330
17
100
AcDbEntity
  8
POCKET_10MM
100
AcDbPolyline
 90
4
 70
1
 10
490.0
 20
166.0
 10
520.0
 20
166.0
 10
520.0
 20
196.0
 10
490.0
 20
196.0
1001
HANOK_PORTRAIT_DL
1000
{"kind":"pocket","part_id":"S01-3","feature_id":"S01-3-P02","joint":"J2","joint_id":"PAIR-18","mate_part_id":"S02-3","mate_feature_id":"S02-3-P02","seat":false,"depth_mm":10.0,"local_rect":[470,0.0,30,30.0],"open_edges":["U_MAX","V_MIN","V_
1000
MAX"],"machining_face":"A"}
  0
LWPOLYLINE
  5
76
330
17
100
AcDbEntity
  8
POCKET_10MM
100
AcDbPolyline
 90
4
 70
1
 10
130.0
 20
186.0
 10
140.0
 20
186.0
 10
140.0
 20
196.0
 10
130.0
 20
196.0
1001
HANOK_PORTRAIT_DL
1000
{"kind":"pocket","part_id":"S01-3","feature_id":"S01-3-P03","joint":"J4","joint_id":"PAIR-19","mate_part_id":"L02-8","mate_feature_id":"L02-8-P01","seat":true,"depth_mm":10.0,"local_rect":[110.0,20.0,10.0,10.0],"open_edges":["V_MAX"],"machi
1000
ning_face":"A"}
  0
LWPOLYLINE
  5
77
330
17
100
AcDbEntity
  8
POCKET_10MM
100
AcDbPolyline
 90
4
 70
1
 10
220.0
 20
186.0
 10
230.0
 20
186.0
 10
230.0
 20
196.0
 10
220.0
 20
196.0
1001
HANOK_PORTRAIT_DL
1000
{"kind":"pocket","part_id":"S01-3","feature_id":"S01-3-P04","joint":"J4","joint_id":"PAIR-20","mate_part_id":"L02-7","mate_feature_id":"L02-7-P01","seat":true,"depth_mm":10.0,"local_rect":[200.0,20.0,10.0,10.0],"open_edges":["V_MAX"],"machi
1000
ning_face":"A"}
  0
LWPOLYLINE
  5
78
330
17
100
AcDbEntity
  8
POCKET_10MM
100
AcDbPolyline
 90
4
 70
1
 10
310.0
 20
186.0
 10
320.0
 20
186.0
 10
320.0
 20
196.0
 10
310.0
 20
196.0
1001
HANOK_PORTRAIT_DL
1000
{"kind":"pocket","part_id":"S01-3","feature_id":"S01-3-P05","joint":"J4","joint_id":"PAIR-21","mate_part_id":"L02-6","mate_feature_id":"L02-6-P01","seat":true,"depth_mm":10.0,"local_rect":[290.0,20.0,10.0,10.0],"open_edges":["V_MAX"],"machi
1000
ning_face":"A"}
  0
LWPOLYLINE
  5
79
330
17
100
AcDbEntity
  8
POCKET_10MM
100
AcDbPolyline
 90
4
 70
1
 10
400.0
 20
186.0
 10
410.0
 20
186.0
 10
410.0
 20
196.0
 10
400.0
 20
196.0
1001
HANOK_PORTRAIT_DL
1000
{"kind":"pocket","part_id":"S01-3","feature_id":"S01-3-P06","joint":"J4","joint_id":"PAIR-22","mate_part_id":"L02-5","mate_feature_id":"L02-5-P01","seat":true,"depth_mm":10.0,"local_rect":[380.0,20.0,10.0,10.0],"open_edges":["V_MAX"],"machi
1000
ning_face":"A"}
  0
LWPOLYLINE
  5
7A
330
17
100
AcDbEntity
  8
DOGBONE
100
AcDbPolyline
 90
2
 70
1
 10
133.2
 20
186.0
 42
1.0
 10
126.8
 20
186.0
 42
1.0
1001
HANOK_PORTRAIT_DL
1000
{"kind":"dogbone","part_id":"S01-3","feature_id":"S01-3-P03-DB-L","parent_pocket":"S01-3-P03","depth_mm":10.0,"radius_mm":3.2,"local_center":[110.0,20.0],"operation":"UNION_WITH_PARENT_POCKET","machining_face":"A"}
  0
LWPOLYLINE
  5
7B
330
17
100
AcDbEntity
  8
DOGBONE
100
AcDbPolyline
 90
2
 70
1
 10
143.2
 20
186.0
 42
1.0
 10
136.8
 20
186.0
 42
1.0
1001
HANOK_PORTRAIT_DL
1000
{"kind":"dogbone","part_id":"S01-3","feature_id":"S01-3-P03-DB-R","parent_pocket":"S01-3-P03","depth_mm":10.0,"radius_mm":3.2,"local_center":[120.0,20.0],"operation":"UNION_WITH_PARENT_POCKET","machining_face":"A"}
  0
LWPOLYLINE
  5
7C
330
17
100
AcDbEntity
  8
DOGBONE
100
AcDbPolyline
 90
2
 70
1
 10
223.2
 20
186.0
 42
1.0
 10
216.8
 20
186.0
 42
1.0
1001
HANOK_PORTRAIT_DL
1000
{"kind":"dogbone","part_id":"S01-3","feature_id":"S01-3-P04-DB-L","parent_pocket":"S01-3-P04","depth_mm":10.0,"radius_mm":3.2,"local_center":[200.0,20.0],"operation":"UNION_WITH_PARENT_POCKET","machining_face":"A"}
  0
LWPOLYLINE
  5
7D
330
17
100
AcDbEntity
  8
DOGBONE
100
AcDbPolyline
 90
2
 70
1
 10
233.2
 20
186.0
 42
1.0
 10
226.8
 20
186.0
 42
1.0
1001
HANOK_PORTRAIT_DL
1000
{"kind":"dogbone","part_id":"S01-3","feature_id":"S01-3-P04-DB-R","parent_pocket":"S01-3-P04","depth_mm":10.0,"radius_mm":3.2,"local_center":[210.0,20.0],"operation":"UNION_WITH_PARENT_POCKET","machining_face":"A"}
  0
LWPOLYLINE
  5
7E
330
17
100
AcDbEntity
  8
DOGBONE
100
AcDbPolyline
 90
2
 70
1
 10
313.2
 20
186.0
 42
1.0
 10
306.8
 20
186.0
 42
1.0
1001
HANOK_PORTRAIT_DL
1000
{"kind":"dogbone","part_id":"S01-3","feature_id":"S01-3-P05-DB-L","parent_pocket":"S01-3-P05","depth_mm":10.0,"radius_mm":3.2,"local_center":[290.0,20.0],"operation":"UNION_WITH_PARENT_POCKET","machining_face":"A"}
  0
LWPOLYLINE
  5
7F
330
17
100
AcDbEntity
  8
DOGBONE
100
AcDbPolyline
 90
2
 70
1
 10
323.2
 20
186.0
 42
1.0
 10
316.8
 20
186.0
 42
1.0
1001
HANOK_PORTRAIT_DL
1000
{"kind":"dogbone","part_id":"S01-3","feature_id":"S01-3-P05-DB-R","parent_pocket":"S01-3-P05","depth_mm":10.0,"radius_mm":3.2,"local_center":[300.0,20.0],"operation":"UNION_WITH_PARENT_POCKET","machining_face":"A"}
  0
LWPOLYLINE
  5
80
330
17
100
AcDbEntity
  8
DOGBONE
100
AcDbPolyline
 90
2
 70
1
 10
403.2
 20
186.0
 42
1.0
 10
396.8
 20
186.0
 42
1.0
1001
HANOK_PORTRAIT_DL
1000
{"kind":"dogbone","part_id":"S01-3","feature_id":"S01-3-P06-DB-L","parent_pocket":"S01-3-P06","depth_mm":10.0,"radius_mm":3.2,"local_center":[380.0,20.0],"operation":"UNION_WITH_PARENT_POCKET","machining_face":"A"}
  0
LWPOLYLINE
  5
81
330
17
100
AcDbEntity
  8
DOGBONE
100
AcDbPolyline
 90
2
 70
1
 10
413.2
 20
186.0
 42
1.0
 10
406.8
 20
186.0
 42
1.0
1001
HANOK_PORTRAIT_DL
1000
{"kind":"dogbone","part_id":"S01-3","feature_id":"S01-3-P06-DB-R","parent_pocket":"S01-3-P06","depth_mm":10.0,"radius_mm":3.2,"local_center":[390.0,20.0],"operation":"UNION_WITH_PARENT_POCKET","machining_face":"A"}
  0
LWPOLYLINE
  5
82
330
17
100
AcDbEntity
  8
CUT_THROUGH
100
AcDbPolyline
 90
4
 70
1
 10
532.0
 20
166.0
 10
1032.0
 20
166.0
 10
1032.0
 20
196.0
 10
532.0
 20
196.0
1001
HANOK_PORTRAIT_DL
1000
{"kind":"part","part_id":"S01-4","family":"S01","length_mm":500.0,"width_mm":30.0,"thickness_mm":20,"depth_mm":20,"nesting_origin":[532,166.0],"assembly_map":[0,-1,1,0,420.0,43],"assembly_face_A":"FRONT","assembly_group":"RIGHT_LEAF","machi
1000
ning_face":"A"}
  0
TEXT
  5
83
330
17
100
AcDbEntity
  8
PART_ID
100
AcDbText
 10
732.0
 20
175.3
 30
0.0
 40
4.5
  1
S01-4
 72
1
 11
732.0
 21
175.3
 31
0.0
100
AcDbText
 73
2
1001
HANOK_PORTRAIT_DL
1000
{"text_align":"center","kind":"part_id","part_id":"S01-4","view":"nest"}
  0
LWPOLYLINE
  5
84
330
17
100
AcDbEntity
  8
POCKET_10MM
100
AcDbPolyline
 90
4
 70
1
 10
532.0
 20
166.0
 10
562.0
 20
166.0
 10
562.0
 20
196.0
 10
532.0
 20
196.0
1001
HANOK_PORTRAIT_DL
1000
{"kind":"pocket","part_id":"S01-4","feature_id":"S01-4-P01","joint":"J2","joint_id":"PAIR-23","mate_part_id":"S02-3","mate_feature_id":"S02-3-P01","seat":false,"depth_mm":10.0,"local_rect":[0,0.0,30,30.0],"open_edges":["U_MIN","V_MIN","V_MA
1000
X"],"machining_face":"A"}
  0
LWPOLYLINE
  5
85
330
17
100
AcDbEntity
  8
POCKET_10MM
100
AcDbPolyline
 90
4
 70
1
 10
1002.0
 20
166.0
 10
1032.0
 20
166.0
 10
1032.0
 20
196.0
 10
1002.0
 20
196.0
1001
HANOK_PORTRAIT_DL
1000
{"kind":"pocket","part_id":"S01-4","feature_id":"S01-4-P02","joint":"J2","joint_id":"PAIR-24","mate_part_id":"S02-4","mate_feature_id":"S02-4-P02","seat":false,"depth_mm":10.0,"local_rect":[470,0.0,30,30.0],"open_edges":["U_MAX","V_MIN","V_
1000
MAX"],"machining_face":"A"}
  0
LWPOLYLINE
  5
86
330
17
100
AcDbEntity
  8
POCKET_10MM
100
AcDbPolyline
 90
4
 70
1
 10
642.0
 20
186.0
 10
652.0
 20
186.0
 10
652.0
 20
196.0
 10
642.0
 20
196.0
1001
HANOK_PORTRAIT_DL
1000
{"kind":"pocket","part_id":"S01-4","feature_id":"S01-4-P03","joint":"J4","joint_id":"PAIR-25","mate_part_id":"L02-5","mate_feature_id":"L02-5-P02","seat":true,"depth_mm":10.0,"local_rect":[110.0,20.0,10.0,10.0],"open_edges":["V_MAX"],"machi
1000
ning_face":"A"}
  0
LWPOLYLINE
  5
87
330
17
100
AcDbEntity
  8
POCKET_10MM
100
AcDbPolyline
 90
4
 70
1
 10
732.0
 20
186.0
 10
742.0
 20
186.0
 10
742.0
 20
196.0
 10
732.0
 20
196.0
1001
HANOK_PORTRAIT_DL
1000
{"kind":"pocket","part_id":"S01-4","feature_id":"S01-4-P04","joint":"J4","joint_id":"PAIR-26","mate_part_id":"L02-6","mate_feature_id":"L02-6-P02","seat":true,"depth_mm":10.0,"local_rect":[200.0,20.0,10.0,10.0],"open_edges":["V_MAX"],"machi
1000
ning_face":"A"}
  0
LWPOLYLINE
  5
88
330
17
100
AcDbEntity
  8
POCKET_10MM
100
AcDbPolyline
 90
4
 70
1
 10
822.0
 20
186.0
 10
832.0
 20
186.0
 10
832.0
 20
196.0
 10
822.0
 20
196.0
1001
HANOK_PORTRAIT_DL
1000
{"kind":"pocket","part_id":"S01-4","feature_id":"S01-4-P05","joint":"J4","joint_id":"PAIR-27","mate_part_id":"L02-7","mate_feature_id":"L02-7-P02","seat":true,"depth_mm":10.0,"local_rect":[290.0,20.0,10.0,10.0],"open_edges":["V_MAX"],"machi
1000
ning_face":"A"}
  0
LWPOLYLINE
  5
89
330
17
100
AcDbEntity
  8
POCKET_10MM
100
AcDbPolyline
 90
4
 70
1
 10
912.0
 20
186.0
 10
922.0
 20
186.0
 10
922.0
 20
196.0
 10
912.0
 20
196.0
1001
HANOK_PORTRAIT_DL
1000
{"kind":"pocket","part_id":"S01-4","feature_id":"S01-4-P06","joint":"J4","joint_id":"PAIR-28","mate_part_id":"L02-8","mate_feature_id":"L02-8-P02","seat":true,"depth_mm":10.0,"local_rect":[380.0,20.0,10.0,10.0],"open_edges":["V_MAX"],"machi
1000
ning_face":"A"}
  0
LWPOLYLINE
  5
8A
330
17
100
AcDbEntity
  8
DOGBONE
100
AcDbPolyline
 90
2
 70
1
 10
645.2
 20
186.0
 42
1.0
 10
638.8
 20
186.0
 42
1.0
1001
HANOK_PORTRAIT_DL
1000
{"kind":"dogbone","part_id":"S01-4","feature_id":"S01-4-P03-DB-L","parent_pocket":"S01-4-P03","depth_mm":10.0,"radius_mm":3.2,"local_center":[110.0,20.0],"operation":"UNION_WITH_PARENT_POCKET","machining_face":"A"}
  0
LWPOLYLINE
  5
8B
330
17
100
AcDbEntity
  8
DOGBONE
100
AcDbPolyline
 90
2
 70
1
 10
655.2
 20
186.0
 42
1.0
 10
648.8
 20
186.0
 42
1.0
1001
HANOK_PORTRAIT_DL
1000
{"kind":"dogbone","part_id":"S01-4","feature_id":"S01-4-P03-DB-R","parent_pocket":"S01-4-P03","depth_mm":10.0,"radius_mm":3.2,"local_center":[120.0,20.0],"operation":"UNION_WITH_PARENT_POCKET","machining_face":"A"}
  0
LWPOLYLINE
  5
8C
330
17
100
AcDbEntity
  8
DOGBONE
100
AcDbPolyline
 90
2
 70
1
 10
735.2
 20
186.0
 42
1.0
 10
728.8
 20
186.0
 42
1.0
1001
HANOK_PORTRAIT_DL
1000
{"kind":"dogbone","part_id":"S01-4","feature_id":"S01-4-P04-DB-L","parent_pocket":"S01-4-P04","depth_mm":10.0,"radius_mm":3.2,"local_center":[200.0,20.0],"operation":"UNION_WITH_PARENT_POCKET","machining_face":"A"}
  0
LWPOLYLINE
  5
8D
330
17
100
AcDbEntity
  8
DOGBONE
100
AcDbPolyline
 90
2
 70
1
 10
745.2
 20
186.0
 42
1.0
 10
738.8
 20
186.0
 42
1.0
1001
HANOK_PORTRAIT_DL
1000
{"kind":"dogbone","part_id":"S01-4","feature_id":"S01-4-P04-DB-R","parent_pocket":"S01-4-P04","depth_mm":10.0,"radius_mm":3.2,"local_center":[210.0,20.0],"operation":"UNION_WITH_PARENT_POCKET","machining_face":"A"}
  0
LWPOLYLINE
  5
8E
330
17
100
AcDbEntity
  8
DOGBONE
100
AcDbPolyline
 90
2
 70
1
 10
825.2
 20
186.0
 42
1.0
 10
818.8
 20
186.0
 42
1.0
1001
HANOK_PORTRAIT_DL
1000
{"kind":"dogbone","part_id":"S01-4","feature_id":"S01-4-P05-DB-L","parent_pocket":"S01-4-P05","depth_mm":10.0,"radius_mm":3.2,"local_center":[290.0,20.0],"operation":"UNION_WITH_PARENT_POCKET","machining_face":"A"}
  0
LWPOLYLINE
  5
8F
330
17
100
AcDbEntity
  8
DOGBONE
100
AcDbPolyline
 90
2
 70
1
 10
835.2
 20
186.0
 42
1.0
 10
828.8
 20
186.0
 42
1.0
1001
HANOK_PORTRAIT_DL
1000
{"kind":"dogbone","part_id":"S01-4","feature_id":"S01-4-P05-DB-R","parent_pocket":"S01-4-P05","depth_mm":10.0,"radius_mm":3.2,"local_center":[300.0,20.0],"operation":"UNION_WITH_PARENT_POCKET","machining_face":"A"}
  0
LWPOLYLINE
  5
90
330
17
100
AcDbEntity
  8
DOGBONE
100
AcDbPolyline
 90
2
 70
1
 10
915.2
 20
186.0
 42
1.0
 10
908.8
 20
186.0
 42
1.0
1001
HANOK_PORTRAIT_DL
1000
{"kind":"dogbone","part_id":"S01-4","feature_id":"S01-4-P06-DB-L","parent_pocket":"S01-4-P06","depth_mm":10.0,"radius_mm":3.2,"local_center":[380.0,20.0],"operation":"UNION_WITH_PARENT_POCKET","machining_face":"A"}
  0
LWPOLYLINE
  5
91
330
17
100
AcDbEntity
  8
DOGBONE
100
AcDbPolyline
 90
2
 70
1
 10
925.2
 20
186.0
 42
1.0
 10
918.8
 20
186.0
 42
1.0
1001
HANOK_PORTRAIT_DL
1000
{"kind":"dogbone","part_id":"S01-4","feature_id":"S01-4-P06-DB-R","parent_pocket":"S01-4-P06","depth_mm":10.0,"radius_mm":3.2,"local_center":[390.0,20.0],"operation":"UNION_WITH_PARENT_POCKET","machining_face":"A"}
  0
LWPOLYLINE
  5
92
330
17
100
AcDbEntity
  8
CUT_THROUGH
100
AcDbPolyline
 90
4
 70
1
 10
20.0
 20
208.0
 10
207.0
 20
208.0
 10
207.0
 20
238.0
 10
20.0
 20
238.0
1001
HANOK_PORTRAIT_DL
1000
{"kind":"part","part_id":"S02-1","family":"S02","length_mm":187.0,"width_mm":30.0,"thickness_mm":20,"depth_mm":20,"nesting_origin":[20,208.0],"assembly_map":[-1,0,0,1,230.0,43],"assembly_face_A":"BACK","assembly_group":"LEFT_LEAF","machinin
1000
g_face":"A"}
  0
TEXT
  5
93
330
17
100
AcDbEntity
  8
PART_ID
100
AcDbText
 10
113.5
 20
217.3
 30
0.0
 40
4.5
  1
S02-1
 72
1
 11
113.5
 21
217.3
 31
0.0
100
AcDbText
 73
2
1001
HANOK_PORTRAIT_DL
1000
{"text_align":"center","kind":"part_id","part_id":"S02-1","view":"nest"}
  0
LWPOLYLINE
  5
94
330
17
100
AcDbEntity
  8
POCKET_10MM
100
AcDbPolyline
 90
4
 70
1
 10
20.0
 20
208.0
 10
50.0
 20
208.0
 10
50.0
 20
238.0
 10
20.0
 20
238.0
1001
HANOK_PORTRAIT_DL
1000
{"kind":"pocket","part_id":"S02-1","feature_id":"S02-1-P01","joint":"J2","joint_id":"PAIR-11","mate_part_id":"S01-2","mate_feature_id":"S01-2-P01","seat":false,"depth_mm":10.0,"local_rect":[0.0,0,30.0,30],"open_edges":["U_MIN","V_MIN","V_MA
1000
X"],"machining_face":"A"}
  0
LWPOLYLINE
  5
95
330
17
100
AcDbEntity
  8
POCKET_10MM
100
AcDbPolyline
 90
4
 70
1
 10
177.0
 20
208.0
 10
207.0
 20
208.0
 10
207.0
 20
238.0
 10
177.0
 20
238.0
1001
HANOK_PORTRAIT_DL
1000
{"kind":"pocket","part_id":"S02-1","feature_id":"S02-1-P02","joint":"J2","joint_id":"PAIR-06","mate_part_id":"S01-1","mate_feature_id":"S01-1-P02","seat":false,"depth_mm":10.0,"local_rect":[157.0,0,30.0,30],"open_edges":["U_MAX","V_MIN","V_
1000
MAX"],"machining_face":"A"}
  0
LWPOLYLINE
  5
96
330
17
100
AcDbEntity
  8
POCKET_10MM
100
AcDbPolyline
 90
4
 70
1
 10
85.66666666666669
 20
228.0
 10
95.66666666666669
 20
228.0
 10
95.66666666666669
 20
238.0
 10
85.66666666666669
 20
238.0
1001
HANOK_PORTRAIT_DL
1000
{"kind":"pocket","part_id":"S02-1","feature_id":"S02-1-P03","joint":"J4","joint_id":"PAIR-29","mate_part_id":"L01-2","mate_feature_id":"L01-2-P01","seat":true,"depth_mm":10.0,"local_rect":[65.66666666666669,20,10.0,10],"open_edges":["V_MAX"
1000
],"machining_face":"A"}
  0
LWPOLYLINE
  5
97
330
17
100
AcDbEntity
  8
POCKET_10MM
100
AcDbPolyline
 90
4
 70
1
 10
131.33333333333334
 20
228.0
 10
141.33333333333334
 20
228.0
 10
141.33333333333334
 20
238.0
 10
131.33333333333334
 20
238.0
1001
HANOK_PORTRAIT_DL
1000
{"kind":"pocket","part_id":"S02-1","feature_id":"S02-1-P04","joint":"J4","joint_id":"PAIR-30","mate_part_id":"L01-1","mate_feature_id":"L01-1-P01","seat":true,"depth_mm":10.0,"local_rect":[111.33333333333334,20,10.0,10],"open_edges":["V_MAX
1000
"],"machining_face":"A"}
  0
LWPOLYLINE
  5
98
330
17
100
AcDbEntity
  8
DOGBONE
100
AcDbPolyline
 90
2
 70
1
 10
88.86666666666669
 20
228.0
 42
1.0
 10
82.46666666666668
 20
228.0
 42
1.0
1001
HANOK_PORTRAIT_DL
1000
{"kind":"dogbone","part_id":"S02-1","feature_id":"S02-1-P03-DB-L","parent_pocket":"S02-1-P03","depth_mm":10.0,"radius_mm":3.2,"local_center":[65.66666666666669,20],"operation":"UNION_WITH_PARENT_POCKET","machining_face":"A"}
  0
LWPOLYLINE
  5
99
330
17
100
AcDbEntity
  8
DOGBONE
100
AcDbPolyline
 90
2
 70
1
 10
98.86666666666669
 20
228.0
 42
1.0
 10
92.46666666666668
 20
228.0
 42
1.0
1001
HANOK_PORTRAIT_DL
1000
{"kind":"dogbone","part_id":"S02-1","feature_id":"S02-1-P03-DB-R","parent_pocket":"S02-1-P03","depth_mm":10.0,"radius_mm":3.2,"local_center":[75.66666666666669,20],"operation":"UNION_WITH_PARENT_POCKET","machining_face":"A"}
  0
LWPOLYLINE
  5
9A
330
17
100
AcDbEntity
  8
DOGBONE
100
AcDbPolyline
 90
2
 70
1
 10
134.53333333333333
 20
228.0
 42
1.0
 10
128.13333333333335
 20
228.0
 42
1.0
1001
HANOK_PORTRAIT_DL
1000
{"kind":"dogbone","part_id":"S02-1","feature_id":"S02-1-P04-DB-L","parent_pocket":"S02-1-P04","depth_mm":10.0,"radius_mm":3.2,"local_center":[111.33333333333334,20],"operation":"UNION_WITH_PARENT_POCKET","machining_face":"A"}
  0
LWPOLYLINE
  5
9B
330
17
100
AcDbEntity
  8
DOGBONE
100
AcDbPolyline
 90
2
 70
1
 10
144.53333333333333
 20
228.0
 42
1.0
 10
138.13333333333335
 20
228.0
 42
1.0
1001
HANOK_PORTRAIT_DL
1000
{"kind":"dogbone","part_id":"S02-1","feature_id":"S02-1-P04-DB-R","parent_pocket":"S02-1-P04","depth_mm":10.0,"radius_mm":3.2,"local_center":[121.33333333333334,20],"operation":"UNION_WITH_PARENT_POCKET","machining_face":"A"}
  0
LWPOLYLINE
  5
9C
330
17
100
AcDbEntity
  8
CUT_THROUGH
100
AcDbPolyline
 90
4
 70
1
 10
219.0
 20
208.0
 10
406.0
 20
208.0
 10
406.0
 20
238.0
 10
219.0
 20
238.0
1001
HANOK_PORTRAIT_DL
1000
{"kind":"part","part_id":"S02-2","family":"S02","length_mm":187.0,"width_mm":30.0,"thickness_mm":20,"depth_mm":20,"nesting_origin":[219.0,208.0],"assembly_map":[1,0,0,-1,43.0,543],"assembly_face_A":"BACK","assembly_group":"LEFT_LEAF","machi
1000
ning_face":"A"}
  0
TEXT
  5
9D
330
17
100
AcDbEntity
  8
PART_ID
100
AcDbText
 10
312.5
 20
217.3
 30
0.0
 40
4.5
  1
S02-2
 72
1
 11
312.5
 21
217.3
 31
0.0
100
AcDbText
 73
2
1001
HANOK_PORTRAIT_DL
1000
{"text_align":"center","kind":"part_id","part_id":"S02-2","view":"nest"}
  0
LWPOLYLINE
  5
9E
330
17
100
AcDbEntity
  8
POCKET_10MM
100
AcDbPolyline
 90
4
 70
1
 10
219.0
 20
208.0
 10
249.0
 20
208.0
 10
249.0
 20
238.0
 10
219.0
 20
238.0
1001
HANOK_PORTRAIT_DL
1000
{"kind":"pocket","part_id":"S02-2","feature_id":"S02-2-P01","joint":"J2","joint_id":"PAIR-05","mate_part_id":"S01-1","mate_feature_id":"S01-1-P01","seat":false,"depth_mm":10.0,"local_rect":[0.0,0,30.0,30],"open_edges":["U_MIN","V_MIN","V_MA
1000
X"],"machining_face":"A"}
  0
LWPOLYLINE
  5
9F
330
17
100
AcDbEntity
  8
POCKET_10MM
100
AcDbPolyline
 90
4
 70
1
 10
376.0
 20
208.0
 10
406.0
 20
208.0
 10
406.0
 20
238.0
 10
376.0
 20
238.0
1001
HANOK_PORTRAIT_DL
1000
{"kind":"pocket","part_id":"S02-2","feature_id":"S02-2-P02","joint":"J2","joint_id":"PAIR-12","mate_part_id":"S01-2","mate_feature_id":"S01-2-P02","seat":false,"depth_mm":10.0,"local_rect":[157.0,0,30.0,30],"open_edges":["U_MAX","V_MIN","V_
1000
MAX"],"machining_face":"A"}
  0
LWPOLYLINE
  5
A0
330
17
100
AcDbEntity
  8
POCKET_10MM
100
AcDbPolyline
 90
4
 70
1
 10
284.66666666666663
 20
228.0
 10
294.66666666666663
 20
228.0
 10
294.66666666666663
 20
238.0
 10
284.66666666666663
 20
238.0
1001
HANOK_PORTRAIT_DL
1000
{"kind":"pocket","part_id":"S02-2","feature_id":"S02-2-P03","joint":"J4","joint_id":"PAIR-31","mate_part_id":"L01-1","mate_feature_id":"L01-1-P02","seat":true,"depth_mm":10.0,"local_rect":[65.66666666666666,20,10.0,10],"open_edges":["V_MAX"
1000
],"machining_face":"A"}
  0
LWPOLYLINE
  5
A1
330
17
100
AcDbEntity
  8
POCKET_10MM
100
AcDbPolyline
 90
4
 70
1
 10
330.3333333333333
 20
228.0
 10
340.3333333333333
 20
228.0
 10
340.3333333333333
 20
238.0
 10
330.3333333333333
 20
238.0
1001
HANOK_PORTRAIT_DL
1000
{"kind":"pocket","part_id":"S02-2","feature_id":"S02-2-P04","joint":"J4","joint_id":"PAIR-32","mate_part_id":"L01-2","mate_feature_id":"L01-2-P02","seat":true,"depth_mm":10.0,"local_rect":[111.33333333333331,20,10.0,10],"open_edges":["V_MAX
1000
"],"machining_face":"A"}
  0
LWPOLYLINE
  5
A2
330
17
100
AcDbEntity
  8
DOGBONE
100
AcDbPolyline
 90
2
 70
1
 10
287.8666666666666
 20
228.0
 42
1.0
 10
281.46666666666664
 20
228.0
 42
1.0
1001
HANOK_PORTRAIT_DL
1000
{"kind":"dogbone","part_id":"S02-2","feature_id":"S02-2-P03-DB-L","parent_pocket":"S02-2-P03","depth_mm":10.0,"radius_mm":3.2,"local_center":[65.66666666666666,20],"operation":"UNION_WITH_PARENT_POCKET","machining_face":"A"}
  0
LWPOLYLINE
  5
A3
330
17
100
AcDbEntity
  8
DOGBONE
100
AcDbPolyline
 90
2
 70
1
 10
297.8666666666666
 20
228.0
 42
1.0
 10
291.46666666666664
 20
228.0
 42
1.0
1001
HANOK_PORTRAIT_DL
1000
{"kind":"dogbone","part_id":"S02-2","feature_id":"S02-2-P03-DB-R","parent_pocket":"S02-2-P03","depth_mm":10.0,"radius_mm":3.2,"local_center":[75.66666666666666,20],"operation":"UNION_WITH_PARENT_POCKET","machining_face":"A"}
  0
LWPOLYLINE
  5
A4
330
17
100
AcDbEntity
  8
DOGBONE
100
AcDbPolyline
 90
2
 70
1
 10
333.5333333333333
 20
228.0
 42
1.0
 10
327.1333333333333
 20
228.0
 42
1.0
1001
HANOK_PORTRAIT_DL
1000
{"kind":"dogbone","part_id":"S02-2","feature_id":"S02-2-P04-DB-L","parent_pocket":"S02-2-P04","depth_mm":10.0,"radius_mm":3.2,"local_center":[111.33333333333331,20],"operation":"UNION_WITH_PARENT_POCKET","machining_face":"A"}
  0
LWPOLYLINE
  5
A5
330
17
100
AcDbEntity
  8
DOGBONE
100
AcDbPolyline
 90
2
 70
1
 10
343.5333333333333
 20
228.0
 42
1.0
 10
337.1333333333333
 20
228.0
 42
1.0
1001
HANOK_PORTRAIT_DL
1000
{"kind":"dogbone","part_id":"S02-2","feature_id":"S02-2-P04-DB-R","parent_pocket":"S02-2-P04","depth_mm":10.0,"radius_mm":3.2,"local_center":[121.33333333333331,20],"operation":"UNION_WITH_PARENT_POCKET","machining_face":"A"}
  0
LWPOLYLINE
  5
A6
330
17
100
AcDbEntity
  8
CUT_THROUGH
100
AcDbPolyline
 90
4
 70
1
 10
418.0
 20
208.0
 10
605.0
 20
208.0
 10
605.0
 20
238.0
 10
418.0
 20
238.0
1001
HANOK_PORTRAIT_DL
1000
{"kind":"part","part_id":"S02-3","family":"S02","length_mm":187.0,"width_mm":30.0,"thickness_mm":20,"depth_mm":20,"nesting_origin":[418.0,208.0],"assembly_map":[-1,0,0,1,420.0,43],"assembly_face_A":"BACK","assembly_group":"RIGHT_LEAF","mach
1000
ining_face":"A"}
  0
TEXT
  5
A7
330
17
100
AcDbEntity
  8
PART_ID
100
AcDbText
 10
511.5
 20
217.3
 30
0.0
 40
4.5
  1
S02-3
 72
1
 11
511.5
 21
217.3
 31
0.0
100
AcDbText
 73
2
1001
HANOK_PORTRAIT_DL
1000
{"text_align":"center","kind":"part_id","part_id":"S02-3","view":"nest"}
  0
LWPOLYLINE
  5
A8
330
17
100
AcDbEntity
  8
POCKET_10MM
100
AcDbPolyline
 90
4
 70
1
 10
418.0
 20
208.0
 10
448.0
 20
208.0
 10
448.0
 20
238.0
 10
418.0
 20
238.0
1001
HANOK_PORTRAIT_DL
1000
{"kind":"pocket","part_id":"S02-3","feature_id":"S02-3-P01","joint":"J2","joint_id":"PAIR-23","mate_part_id":"S01-4","mate_feature_id":"S01-4-P01","seat":false,"depth_mm":10.0,"local_rect":[0.0,0,30.0,30],"open_edges":["U_MIN","V_MIN","V_MA
1000
X"],"machining_face":"A"}
  0
LWPOLYLINE
  5
A9
330
17
100
AcDbEntity
  8
POCKET_10MM
100
AcDbPolyline
 90
4
 70
1
 10
575.0
 20
208.0
 10
605.0
 20
208.0
 10
605.0
 20
238.0
 10
575.0
 20
238.0
1001
HANOK_PORTRAIT_DL
1000
{"kind":"pocket","part_id":"S02-3","feature_id":"S02-3-P02","joint":"J2","joint_id":"PAIR-18","mate_part_id":"S01-3","mate_feature_id":"S01-3-P02","seat":false,"depth_mm":10.0,"local_rect":[157.0,0,30.0,30],"open_edges":["U_MAX","V_MIN","V_
1000
MAX"],"machining_face":"A"}
  0
LWPOLYLINE
  5
AA
330
17
100
AcDbEntity
  8
POCKET_10MM
100
AcDbPolyline
 90
4
 70
1
 10
483.6666666666667
 20
228.0
 10
493.6666666666667
 20
228.0
 10
493.6666666666667
 20
238.0
 10
483.6666666666667
 20
238.0
1001
HANOK_PORTRAIT_DL
1000
{"kind":"pocket","part_id":"S02-3","feature_id":"S02-3-P03","joint":"J4","joint_id":"PAIR-33","mate_part_id":"L01-4","mate_feature_id":"L01-4-P01","seat":true,"depth_mm":10.0,"local_rect":[65.66666666666669,20,10.0,10],"open_edges":["V_MAX"
1000
],"machining_face":"A"}
  0
LWPOLYLINE
  5
AB
330
17
100
AcDbEntity
  8
POCKET_10MM
100
AcDbPolyline
 90
4
 70
1
 10
529.3333333333333
 20
228.0
 10
539.3333333333333
 20
228.0
 10
539.3333333333333
 20
238.0
 10
529.3333333333333
 20
238.0
1001
HANOK_PORTRAIT_DL
1000
{"kind":"pocket","part_id":"S02-3","feature_id":"S02-3-P04","joint":"J4","joint_id":"PAIR-34","mate_part_id":"L01-3","mate_feature_id":"L01-3-P01","seat":true,"depth_mm":10.0,"local_rect":[111.33333333333331,20,10.0,10],"open_edges":["V_MAX
1000
"],"machining_face":"A"}
  0
LWPOLYLINE
  5
AC
330
17
100
AcDbEntity
  8
DOGBONE
100
AcDbPolyline
 90
2
 70
1
 10
486.8666666666667
 20
228.0
 42
1.0
 10
480.4666666666667
 20
228.0
 42
1.0
1001
HANOK_PORTRAIT_DL
1000
{"kind":"dogbone","part_id":"S02-3","feature_id":"S02-3-P03-DB-L","parent_pocket":"S02-3-P03","depth_mm":10.0,"radius_mm":3.2,"local_center":[65.66666666666669,20],"operation":"UNION_WITH_PARENT_POCKET","machining_face":"A"}
  0
LWPOLYLINE
  5
AD
330
17
100
AcDbEntity
  8
DOGBONE
100
AcDbPolyline
 90
2
 70
1
 10
496.8666666666667
 20
228.0
 42
1.0
 10
490.4666666666667
 20
228.0
 42
1.0
1001
HANOK_PORTRAIT_DL
1000
{"kind":"dogbone","part_id":"S02-3","feature_id":"S02-3-P03-DB-R","parent_pocket":"S02-3-P03","depth_mm":10.0,"radius_mm":3.2,"local_center":[75.66666666666669,20],"operation":"UNION_WITH_PARENT_POCKET","machining_face":"A"}
  0
LWPOLYLINE
  5
AE
330
17
100
AcDbEntity
  8
DOGBONE
100
AcDbPolyline
 90
2
 70
1
 10
532.5333333333333
 20
228.0
 42
1.0
 10
526.1333333333332
 20
228.0
 42
1.0
1001
HANOK_PORTRAIT_DL
1000
{"kind":"dogbone","part_id":"S02-3","feature_id":"S02-3-P04-DB-L","parent_pocket":"S02-3-P04","depth_mm":10.0,"radius_mm":3.2,"local_center":[111.33333333333331,20],"operation":"UNION_WITH_PARENT_POCKET","machining_face":"A"}
  0
LWPOLYLINE
  5
AF
330
17
100
AcDbEntity
  8
DOGBONE
100
AcDbPolyline
 90
2
 70
1
 10
542.5333333333333
 20
228.0
 42
1.0
 10
536.1333333333332
 20
228.0
 42
1.0
1001
HANOK_PORTRAIT_DL
1000
{"kind":"dogbone","part_id":"S02-3","feature_id":"S02-3-P04-DB-R","parent_pocket":"S02-3-P04","depth_mm":10.0,"radius_mm":3.2,"local_center":[121.33333333333331,20],"operation":"UNION_WITH_PARENT_POCKET","machining_face":"A"}
  0
LWPOLYLINE
  5
B0
330
17
100
AcDbEntity
  8
CUT_THROUGH
100
AcDbPolyline
 90
4
 70
1
 10
617.0
 20
208.0
 10
804.0
 20
208.0
 10
804.0
 20
238.0
 10
617.0
 20
238.0
1001
HANOK_PORTRAIT_DL
1000
{"kind":"part","part_id":"S02-4","family":"S02","length_mm":187.0,"width_mm":30.0,"thickness_mm":20,"depth_mm":20,"nesting_origin":[617.0,208.0],"assembly_map":[1,0,0,-1,233.0,543],"assembly_face_A":"BACK","assembly_group":"RIGHT_LEAF","mac
1000
hining_face":"A"}
  0
TEXT
  5
B1
330
17
100
AcDbEntity
  8
PART_ID
100
AcDbText
 10
710.5
 20
217.3
 30
0.0
 40
4.5
  1
S02-4
 72
1
 11
710.5
 21
217.3
 31
0.0
100
AcDbText
 73
2
1001
HANOK_PORTRAIT_DL
1000
{"text_align":"center","kind":"part_id","part_id":"S02-4","view":"nest"}
  0
LWPOLYLINE
  5
B2
330
17
100
AcDbEntity
  8
POCKET_10MM
100
AcDbPolyline
 90
4
 70
1
 10
617.0
 20
208.0
 10
647.0
 20
208.0
 10
647.0
 20
238.0
 10
617.0
 20
238.0
1001
HANOK_PORTRAIT_DL
1000
{"kind":"pocket","part_id":"S02-4","feature_id":"S02-4-P01","joint":"J2","joint_id":"PAIR-17","mate_part_id":"S01-3","mate_feature_id":"S01-3-P01","seat":false,"depth_mm":10.0,"local_rect":[0.0,0,30.0,30],"open_edges":["U_MIN","V_MIN","V_MA
1000
X"],"machining_face":"A"}
  0
LWPOLYLINE
  5
B3
330
17
100
AcDbEntity
  8
POCKET_10MM
100
AcDbPolyline
 90
4
 70
1
 10
774.0
 20
208.0
 10
804.0
 20
208.0
 10
804.0
 20
238.0
 10
774.0
 20
238.0
1001
HANOK_PORTRAIT_DL
1000
{"kind":"pocket","part_id":"S02-4","feature_id":"S02-4-P02","joint":"J2","joint_id":"PAIR-24","mate_part_id":"S01-4","mate_feature_id":"S01-4-P02","seat":false,"depth_mm":10.0,"local_rect":[157.0,0,30.0,30],"open_edges":["U_MAX","V_MIN","V_
1000
MAX"],"machining_face":"A"}
  0
LWPOLYLINE
  5
B4
330
17
100
AcDbEntity
  8
POCKET_10MM
100
AcDbPolyline
 90
4
 70
1
 10
682.6666666666667
 20
228.0
 10
692.6666666666667
 20
228.0
 10
692.6666666666667
 20
238.0
 10
682.6666666666667
 20
238.0
1001
HANOK_PORTRAIT_DL
1000
{"kind":"pocket","part_id":"S02-4","feature_id":"S02-4-P03","joint":"J4","joint_id":"PAIR-35","mate_part_id":"L01-3","mate_feature_id":"L01-3-P02","seat":true,"depth_mm":10.0,"local_rect":[65.66666666666669,20,10.0,10],"open_edges":["V_MAX"
1000
],"machining_face":"A"}
  0
LWPOLYLINE
  5
B5
330
17
100
AcDbEntity
  8
POCKET_10MM
100
AcDbPolyline
 90
4
 70
1
 10
728.3333333333333
 20
228.0
 10
738.3333333333333
 20
228.0
 10
738.3333333333333
 20
238.0
 10
728.3333333333333
 20
238.0
1001
HANOK_PORTRAIT_DL
1000
{"kind":"pocket","part_id":"S02-4","feature_id":"S02-4-P04","joint":"J4","joint_id":"PAIR-36","mate_part_id":"L01-4","mate_feature_id":"L01-4-P02","seat":true,"depth_mm":10.0,"local_rect":[111.33333333333331,20,10.0,10],"open_edges":["V_MAX
1000
"],"machining_face":"A"}
  0
LWPOLYLINE
  5
B6
330
17
100
AcDbEntity
  8
DOGBONE
100
AcDbPolyline
 90
2
 70
1
 10
685.8666666666668
 20
228.0
 42
1.0
 10
679.4666666666667
 20
228.0
 42
1.0
1001
HANOK_PORTRAIT_DL
1000
{"kind":"dogbone","part_id":"S02-4","feature_id":"S02-4-P03-DB-L","parent_pocket":"S02-4-P03","depth_mm":10.0,"radius_mm":3.2,"local_center":[65.66666666666669,20],"operation":"UNION_WITH_PARENT_POCKET","machining_face":"A"}
  0
LWPOLYLINE
  5
B7
330
17
100
AcDbEntity
  8
DOGBONE
100
AcDbPolyline
 90
2
 70
1
 10
695.8666666666668
 20
228.0
 42
1.0
 10
689.4666666666667
 20
228.0
 42
1.0
1001
HANOK_PORTRAIT_DL
1000
{"kind":"dogbone","part_id":"S02-4","feature_id":"S02-4-P03-DB-R","parent_pocket":"S02-4-P03","depth_mm":10.0,"radius_mm":3.2,"local_center":[75.66666666666669,20],"operation":"UNION_WITH_PARENT_POCKET","machining_face":"A"}
  0
LWPOLYLINE
  5
B8
330
17
100
AcDbEntity
  8
DOGBONE
100
AcDbPolyline
 90
2
 70
1
 10
731.5333333333333
 20
228.0
 42
1.0
 10
725.1333333333332
 20
228.0
 42
1.0
1001
HANOK_PORTRAIT_DL
1000
{"kind":"dogbone","part_id":"S02-4","feature_id":"S02-4-P04-DB-L","parent_pocket":"S02-4-P04","depth_mm":10.0,"radius_mm":3.2,"local_center":[111.33333333333331,20],"operation":"UNION_WITH_PARENT_POCKET","machining_face":"A"}
  0
LWPOLYLINE
  5
B9
330
17
100
AcDbEntity
  8
DOGBONE
100
AcDbPolyline
 90
2
 70
1
 10
741.5333333333333
 20
228.0
 42
1.0
 10
735.1333333333332
 20
228.0
 42
1.0
1001
HANOK_PORTRAIT_DL
1000
{"kind":"dogbone","part_id":"S02-4","feature_id":"S02-4-P04-DB-R","parent_pocket":"S02-4-P04","depth_mm":10.0,"radius_mm":3.2,"local_center":[121.33333333333331,20],"operation":"UNION_WITH_PARENT_POCKET","machining_face":"A"}
  0
LWPOLYLINE
  5
BA
330
17
100
AcDbEntity
  8
CUT_THROUGH
100
AcDbPolyline
 90
4
 70
1
 10
20.0
 20
250.0
 10
480.0
 20
250.0
 10
480.0
 20
260.0
 10
20.0
 20
260.0
1001
HANOK_PORTRAIT_DL
1000
{"kind":"part","part_id":"L01-1","family":"L01","length_mm":460.0,"width_mm":10.0,"thickness_mm":20,"depth_mm":20,"nesting_origin":[20,250.0],"assembly_map":[0,-1,1,0,118.66666666666666,63],"assembly_face_A":"FRONT","assembly_group":"LEFT_L
1000
EAF","machining_face":"A"}
  0
TEXT
  5
BB
330
17
100
AcDbEntity
  8
PART_ID
100
AcDbText
 10
250.0
 20
255.0
 30
0.0
 40
3.4
  1
L01-1
 72
1
 11
250.0
 21
255.0
 31
0.0
100
AcDbText
 73
2
1001
HANOK_PORTRAIT_DL
1000
{"text_align":"center","kind":"part_id","part_id":"L01-1","view":"nest"}
  0
LWPOLYLINE
  5
BC
330
17
100
AcDbEntity
  8
POCKET_10MM
100
AcDbPolyline
 90
4
 70
1
 10
20.0
 20
250.0
 10
30.0
 20
250.0
 10
30.0
 20
260.0
 10
20.0
 20
260.0
1001
HANOK_PORTRAIT_DL
1000
{"kind":"pocket","part_id":"L01-1","feature_id":"L01-1-P01","joint":"J4","joint_id":"PAIR-30","mate_part_id":"S02-1","mate_feature_id":"S02-1-P04","seat":false,"depth_mm":10.0,"local_rect":[0,0.0,10,10.0],"open_edges":["U_MIN","V_MIN","V_MA
1000
X"],"machining_face":"A"}
  0
LWPOLYLINE
  5
BD
330
17
100
AcDbEntity
  8
POCKET_10MM
100
AcDbPolyline
 90
4
 70
1
 10
470.0
 20
250.0
 10
480.0
 20
250.0
 10
480.0
 20
260.0
 10
470.0
 20
260.0
1001
HANOK_PORTRAIT_DL
1000
{"kind":"pocket","part_id":"L01-1","feature_id":"L01-1-P02","joint":"J4","joint_id":"PAIR-31","mate_part_id":"S02-2","mate_feature_id":"S02-2-P03","seat":false,"depth_mm":10.0,"local_rect":[450,0.0,10,10.0],"open_edges":["U_MAX","V_MIN","V_
1000
MAX"],"machining_face":"A"}
  0
LWPOLYLINE
  5
BE
330
17
100
AcDbEntity
  8
POCKET_10MM
100
AcDbPolyline
 90
4
 70
1
 10
110.0
 20
250.0
 10
120.0
 20
250.0
 10
120.0
 20
260.0
 10
110.0
 20
260.0
1001
HANOK_PORTRAIT_DL
1000
{"kind":"pocket","part_id":"L01-1","feature_id":"L01-1-P03","joint":"J3","joint_id":"PAIR-37","mate_part_id":"L02-1","mate_feature_id":"L02-1-P03","seat":false,"depth_mm":10.0,"local_rect":[90.0,0.0,10.0,10.0],"open_edges":["V_MIN","V_MAX"]
1000
,"machining_face":"A"}
  0
LWPOLYLINE
  5
BF
330
17
100
AcDbEntity
  8
POCKET_10MM
100
AcDbPolyline
 90
4
 70
1
 10
200.0
 20
250.0
 10
210.0
 20
250.0
 10
210.0
 20
260.0
 10
200.0
 20
260.0
1001
HANOK_PORTRAIT_DL
1000
{"kind":"pocket","part_id":"L01-1","feature_id":"L01-1-P04","joint":"J3","joint_id":"PAIR-38","mate_part_id":"L02-2","mate_feature_id":"L02-2-P03","seat":false,"depth_mm":10.0,"local_rect":[180.0,0.0,10.0,10.0],"open_edges":["V_MIN","V_MAX"
1000
],"machining_face":"A"}
  0
LWPOLYLINE
  5
C0
330
17
100
AcDbEntity
  8
POCKET_10MM
100
AcDbPolyline
 90
4
 70
1
 10
290.0
 20
250.0
 10
300.0
 20
250.0
 10
300.0
 20
260.0
 10
290.0
 20
260.0
1001
HANOK_PORTRAIT_DL
1000
{"kind":"pocket","part_id":"L01-1","feature_id":"L01-1-P05","joint":"J3","joint_id":"PAIR-39","mate_part_id":"L02-3","mate_feature_id":"L02-3-P03","seat":false,"depth_mm":10.0,"local_rect":[270.0,0.0,10.0,10.0],"open_edges":["V_MIN","V_MAX"
1000
],"machining_face":"A"}
  0
LWPOLYLINE
  5
C1
330
17
100
AcDbEntity
  8
POCKET_10MM
100
AcDbPolyline
 90
4
 70
1
 10
380.0
 20
250.0
 10
390.0
 20
250.0
 10
390.0
 20
260.0
 10
380.0
 20
260.0
1001
HANOK_PORTRAIT_DL
1000
{"kind":"pocket","part_id":"L01-1","feature_id":"L01-1-P06","joint":"J3","joint_id":"PAIR-40","mate_part_id":"L02-4","mate_feature_id":"L02-4-P03","seat":false,"depth_mm":10.0,"local_rect":[360.0,0.0,10.0,10.0],"open_edges":["V_MIN","V_MAX"
1000
],"machining_face":"A"}
  0
LWPOLYLINE
  5
C2
330
17
100
AcDbEntity
  8
CUT_THROUGH
100
AcDbPolyline
 90
4
 70
1
 10
492.0
 20
250.0
 10
952.0
 20
250.0
 10
952.0
 20
260.0
 10
492.0
 20
260.0
1001
HANOK_PORTRAIT_DL
1000
{"kind":"part","part_id":"L01-2","family":"L01","length_mm":460.0,"width_mm":10.0,"thickness_mm":20,"depth_mm":20,"nesting_origin":[492,250.0],"assembly_map":[0,-1,1,0,164.33333333333331,63],"assembly_face_A":"FRONT","assembly_group":"LEFT_
1000
LEAF","machining_face":"A"}
  0
TEXT
  5
C3
330
17
100
AcDbEntity
  8
PART_ID
100
AcDbText
 10
722.0
 20
255.0
 30
0.0
 40
3.4
  1
L01-2
 72
1
 11
722.0
 21
255.0
 31
0.0
100
AcDbText
 73
2
1001
HANOK_PORTRAIT_DL
1000
{"text_align":"center","kind":"part_id","part_id":"L01-2","view":"nest"}
  0
LWPOLYLINE
  5
C4
330
17
100
AcDbEntity
  8
POCKET_10MM
100
AcDbPolyline
 90
4
 70
1
 10
492.0
 20
250.0
 10
502.0
 20
250.0
 10
502.0
 20
260.0
 10
492.0
 20
260.0
1001
HANOK_PORTRAIT_DL
1000
{"kind":"pocket","part_id":"L01-2","feature_id":"L01-2-P01","joint":"J4","joint_id":"PAIR-29","mate_part_id":"S02-1","mate_feature_id":"S02-1-P03","seat":false,"depth_mm":10.0,"local_rect":[0,0.0,10,10.0],"open_edges":["U_MIN","V_MIN","V_MA
1000
X"],"machining_face":"A"}
  0
LWPOLYLINE
  5
C5
330
17
100
AcDbEntity
  8
POCKET_10MM
100
AcDbPolyline
 90
4
 70
1
 10
942.0
 20
250.0
 10
952.0
 20
250.0
 10
952.0
 20
260.0
 10
942.0
 20
260.0
1001
HANOK_PORTRAIT_DL
1000
{"kind":"pocket","part_id":"L01-2","feature_id":"L01-2-P02","joint":"J4","joint_id":"PAIR-32","mate_part_id":"S02-2","mate_feature_id":"S02-2-P04","seat":false,"depth_mm":10.0,"local_rect":[450,0.0,10,10.0],"open_edges":["U_MAX","V_MIN","V_
1000
MAX"],"machining_face":"A"}
  0
LWPOLYLINE
  5
C6
330
17
100
AcDbEntity
  8
POCKET_10MM
100
AcDbPolyline
 90
4
 70
1
 10
582.0
 20
250.0
 10
592.0
 20
250.0
 10
592.0
 20
260.0
 10
582.0
 20
260.0
1001
HANOK_PORTRAIT_DL
1000
{"kind":"pocket","part_id":"L01-2","feature_id":"L01-2-P03","joint":"J3","joint_id":"PAIR-41","mate_part_id":"L02-1","mate_feature_id":"L02-1-P04","seat":false,"depth_mm":10.0,"local_rect":[90.0,0.0,10.0,10.0],"open_edges":["V_MIN","V_MAX"]
1000
,"machining_face":"A"}
  0
LWPOLYLINE
  5
C7
330
17
100
AcDbEntity
  8
POCKET_10MM
100
AcDbPolyline
 90
4
 70
1
 10
672.0
 20
250.0
 10
682.0
 20
250.0
 10
682.0
 20
260.0
 10
672.0
 20
260.0
1001
HANOK_PORTRAIT_DL
1000
{"kind":"pocket","part_id":"L01-2","feature_id":"L01-2-P04","joint":"J3","joint_id":"PAIR-42","mate_part_id":"L02-2","mate_feature_id":"L02-2-P04","seat":false,"depth_mm":10.0,"local_rect":[180.0,0.0,10.0,10.0],"open_edges":["V_MIN","V_MAX"
1000
],"machining_face":"A"}
  0
LWPOLYLINE
  5
C8
330
17
100
AcDbEntity
  8
POCKET_10MM
100
AcDbPolyline
 90
4
 70
1
 10
762.0
 20
250.0
 10
772.0
 20
250.0
 10
772.0
 20
260.0
 10
762.0
 20
260.0
1001
HANOK_PORTRAIT_DL
1000
{"kind":"pocket","part_id":"L01-2","feature_id":"L01-2-P05","joint":"J3","joint_id":"PAIR-43","mate_part_id":"L02-3","mate_feature_id":"L02-3-P04","seat":false,"depth_mm":10.0,"local_rect":[270.0,0.0,10.0,10.0],"open_edges":["V_MIN","V_MAX"
1000
],"machining_face":"A"}
  0
LWPOLYLINE
  5
C9
330
17
100
AcDbEntity
  8
POCKET_10MM
100
AcDbPolyline
 90
4
 70
1
 10
852.0
 20
250.0
 10
862.0
 20
250.0
 10
862.0
 20
260.0
 10
852.0
 20
260.0
1001
HANOK_PORTRAIT_DL
1000
{"kind":"pocket","part_id":"L01-2","feature_id":"L01-2-P06","joint":"J3","joint_id":"PAIR-44","mate_part_id":"L02-4","mate_feature_id":"L02-4-P04","seat":false,"depth_mm":10.0,"local_rect":[360.0,0.0,10.0,10.0],"open_edges":["V_MIN","V_MAX"
1000
],"machining_face":"A"}
  0
LWPOLYLINE
  5
CA
330
17
100
AcDbEntity
  8
CUT_THROUGH
100
AcDbPolyline
 90
4
 70
1
 10
20.0
 20
272.0
 10
480.0
 20
272.0
 10
480.0
 20
282.0
 10
20.0
 20
282.0
1001
HANOK_PORTRAIT_DL
1000
{"kind":"part","part_id":"L01-3","family":"L01","length_mm":460.0,"width_mm":10.0,"thickness_mm":20,"depth_mm":20,"nesting_origin":[20,272.0],"assembly_map":[0,-1,1,0,308.6666666666667,63],"assembly_face_A":"FRONT","assembly_group":"RIGHT_L
1000
EAF","machining_face":"A"}
  0
TEXT
  5
CB
330
17
100
AcDbEntity
  8
PART_ID
100
AcDbText
 10
250.0
 20
277.0
 30
0.0
 40
3.4
  1
L01-3
 72
1
 11
250.0
 21
277.0
 31
0.0
100
AcDbText
 73
2
1001
HANOK_PORTRAIT_DL
1000
{"text_align":"center","kind":"part_id","part_id":"L01-3","view":"nest"}
  0
LWPOLYLINE
  5
CC
330
17
100
AcDbEntity
  8
POCKET_10MM
100
AcDbPolyline
 90
4
 70
1
 10
20.0
 20
272.0
 10
30.0
 20
272.0
 10
30.0
 20
282.0
 10
20.0
 20
282.0
1001
HANOK_PORTRAIT_DL
1000
{"kind":"pocket","part_id":"L01-3","feature_id":"L01-3-P01","joint":"J4","joint_id":"PAIR-34","mate_part_id":"S02-3","mate_feature_id":"S02-3-P04","seat":false,"depth_mm":10.0,"local_rect":[0,0.0,10,10.0],"open_edges":["U_MIN","V_MIN","V_MA
1000
X"],"machining_face":"A"}
  0
LWPOLYLINE
  5
CD
330
17
100
AcDbEntity
  8
POCKET_10MM
100
AcDbPolyline
 90
4
 70
1
 10
470.0
 20
272.0
 10
480.0
 20
272.0
 10
480.0
 20
282.0
 10
470.0
 20
282.0
1001
HANOK_PORTRAIT_DL
1000
{"kind":"pocket","part_id":"L01-3","feature_id":"L01-3-P02","joint":"J4","joint_id":"PAIR-35","mate_part_id":"S02-4","mate_feature_id":"S02-4-P03","seat":false,"depth_mm":10.0,"local_rect":[450,0.0,10,10.0],"open_edges":["U_MAX","V_MIN","V_
1000
MAX"],"machining_face":"A"}
  0
LWPOLYLINE
  5
CE
330
17
100
AcDbEntity
  8
POCKET_10MM
100
AcDbPolyline
 90
4
 70
1
 10
110.0
 20
272.0
 10
120.0
 20
272.0
 10
120.0
 20
282.0
 10
110.0
 20
282.0
1001
HANOK_PORTRAIT_DL
1000
{"kind":"pocket","part_id":"L01-3","feature_id":"L01-3-P03","joint":"J3","joint_id":"PAIR-45","mate_part_id":"L02-5","mate_feature_id":"L02-5-P03","seat":false,"depth_mm":10.0,"local_rect":[90.0,0.0,10.0,10.0],"open_edges":["V_MIN","V_MAX"]
1000
,"machining_face":"A"}
  0
LWPOLYLINE
  5
CF
330
17
100
AcDbEntity
  8
POCKET_10MM
100
AcDbPolyline
 90
4
 70
1
 10
200.0
 20
272.0
 10
210.0
 20
272.0
 10
210.0
 20
282.0
 10
200.0
 20
282.0
1001
HANOK_PORTRAIT_DL
1000
{"kind":"pocket","part_id":"L01-3","feature_id":"L01-3-P04","joint":"J3","joint_id":"PAIR-46","mate_part_id":"L02-6","mate_feature_id":"L02-6-P03","seat":false,"depth_mm":10.0,"local_rect":[180.0,0.0,10.0,10.0],"open_edges":["V_MIN","V_MAX"
1000
],"machining_face":"A"}
  0
LWPOLYLINE
  5
D0
330
17
100
AcDbEntity
  8
POCKET_10MM
100
AcDbPolyline
 90
4
 70
1
 10
290.0
 20
272.0
 10
300.0
 20
272.0
 10
300.0
 20
282.0
 10
290.0
 20
282.0
1001
HANOK_PORTRAIT_DL
1000
{"kind":"pocket","part_id":"L01-3","feature_id":"L01-3-P05","joint":"J3","joint_id":"PAIR-47","mate_part_id":"L02-7","mate_feature_id":"L02-7-P03","seat":false,"depth_mm":10.0,"local_rect":[270.0,0.0,10.0,10.0],"open_edges":["V_MIN","V_MAX"
1000
],"machining_face":"A"}
  0
LWPOLYLINE
  5
D1
330
17
100
AcDbEntity
  8
POCKET_10MM
100
AcDbPolyline
 90
4
 70
1
 10
380.0
 20
272.0
 10
390.0
 20
272.0
 10
390.0
 20
282.0
 10
380.0
 20
282.0
1001
HANOK_PORTRAIT_DL
1000
{"kind":"pocket","part_id":"L01-3","feature_id":"L01-3-P06","joint":"J3","joint_id":"PAIR-48","mate_part_id":"L02-8","mate_feature_id":"L02-8-P03","seat":false,"depth_mm":10.0,"local_rect":[360.0,0.0,10.0,10.0],"open_edges":["V_MIN","V_MAX"
1000
],"machining_face":"A"}
  0
LWPOLYLINE
  5
D2
330
17
100
AcDbEntity
  8
CUT_THROUGH
100
AcDbPolyline
 90
4
 70
1
 10
492.0
 20
272.0
 10
952.0
 20
272.0
 10
952.0
 20
282.0
 10
492.0
 20
282.0
1001
HANOK_PORTRAIT_DL
1000
{"kind":"part","part_id":"L01-4","family":"L01","length_mm":460.0,"width_mm":10.0,"thickness_mm":20,"depth_mm":20,"nesting_origin":[492,272.0],"assembly_map":[0,-1,1,0,354.3333333333333,63],"assembly_face_A":"FRONT","assembly_group":"RIGHT_
1000
LEAF","machining_face":"A"}
  0
TEXT
  5
D3
330
17
100
AcDbEntity
  8
PART_ID
100
AcDbText
 10
722.0
 20
277.0
 30
0.0
 40
3.4
  1
L01-4
 72
1
 11
722.0
 21
277.0
 31
0.0
100
AcDbText
 73
2
1001
HANOK_PORTRAIT_DL
1000
{"text_align":"center","kind":"part_id","part_id":"L01-4","view":"nest"}
  0
LWPOLYLINE
  5
D4
330
17
100
AcDbEntity
  8
POCKET_10MM
100
AcDbPolyline
 90
4
 70
1
 10
492.0
 20
272.0
 10
502.0
 20
272.0
 10
502.0
 20
282.0
 10
492.0
 20
282.0
1001
HANOK_PORTRAIT_DL
1000
{"kind":"pocket","part_id":"L01-4","feature_id":"L01-4-P01","joint":"J4","joint_id":"PAIR-33","mate_part_id":"S02-3","mate_feature_id":"S02-3-P03","seat":false,"depth_mm":10.0,"local_rect":[0,0.0,10,10.0],"open_edges":["U_MIN","V_MIN","V_MA
1000
X"],"machining_face":"A"}
  0
LWPOLYLINE
  5
D5
330
17
100
AcDbEntity
  8
POCKET_10MM
100
AcDbPolyline
 90
4
 70
1
 10
942.0
 20
272.0
 10
952.0
 20
272.0
 10
952.0
 20
282.0
 10
942.0
 20
282.0
1001
HANOK_PORTRAIT_DL
1000
{"kind":"pocket","part_id":"L01-4","feature_id":"L01-4-P02","joint":"J4","joint_id":"PAIR-36","mate_part_id":"S02-4","mate_feature_id":"S02-4-P04","seat":false,"depth_mm":10.0,"local_rect":[450,0.0,10,10.0],"open_edges":["U_MAX","V_MIN","V_
1000
MAX"],"machining_face":"A"}
  0
LWPOLYLINE
  5
D6
330
17
100
AcDbEntity
  8
POCKET_10MM
100
AcDbPolyline
 90
4
 70
1
 10
582.0
 20
272.0
 10
592.0
 20
272.0
 10
592.0
 20
282.0
 10
582.0
 20
282.0
1001
HANOK_PORTRAIT_DL
1000
{"kind":"pocket","part_id":"L01-4","feature_id":"L01-4-P03","joint":"J3","joint_id":"PAIR-49","mate_part_id":"L02-5","mate_feature_id":"L02-5-P04","seat":false,"depth_mm":10.0,"local_rect":[90.0,0.0,10.0,10.0],"open_edges":["V_MIN","V_MAX"]
1000
,"machining_face":"A"}
  0
LWPOLYLINE
  5
D7
330
17
100
AcDbEntity
  8
POCKET_10MM
100
AcDbPolyline
 90
4
 70
1
 10
672.0
 20
272.0
 10
682.0
 20
272.0
 10
682.0
 20
282.0
 10
672.0
 20
282.0
1001
HANOK_PORTRAIT_DL
1000
{"kind":"pocket","part_id":"L01-4","feature_id":"L01-4-P04","joint":"J3","joint_id":"PAIR-50","mate_part_id":"L02-6","mate_feature_id":"L02-6-P04","seat":false,"depth_mm":10.0,"local_rect":[180.0,0.0,10.0,10.0],"open_edges":["V_MIN","V_MAX"
1000
],"machining_face":"A"}
  0
LWPOLYLINE
  5
D8
330
17
100
AcDbEntity
  8
POCKET_10MM
100
AcDbPolyline
 90
4
 70
1
 10
762.0
 20
272.0
 10
772.0
 20
272.0
 10
772.0
 20
282.0
 10
762.0
 20
282.0
1001
HANOK_PORTRAIT_DL
1000
{"kind":"pocket","part_id":"L01-4","feature_id":"L01-4-P05","joint":"J3","joint_id":"PAIR-51","mate_part_id":"L02-7","mate_feature_id":"L02-7-P04","seat":false,"depth_mm":10.0,"local_rect":[270.0,0.0,10.0,10.0],"open_edges":["V_MIN","V_MAX"
1000
],"machining_face":"A"}
  0
LWPOLYLINE
  5
D9
330
17
100
AcDbEntity
  8
POCKET_10MM
100
AcDbPolyline
 90
4
 70
1
 10
852.0
 20
272.0
 10
862.0
 20
272.0
 10
862.0
 20
282.0
 10
852.0
 20
282.0
1001
HANOK_PORTRAIT_DL
1000
{"kind":"pocket","part_id":"L01-4","feature_id":"L01-4-P06","joint":"J3","joint_id":"PAIR-52","mate_part_id":"L02-8","mate_feature_id":"L02-8-P04","seat":false,"depth_mm":10.0,"local_rect":[360.0,0.0,10.0,10.0],"open_edges":["V_MIN","V_MAX"
1000
],"machining_face":"A"}
  0
LWPOLYLINE
  5
DA
330
17
100
AcDbEntity
  8
CUT_THROUGH
100
AcDbPolyline
 90
4
 70
1
 10
964.0
 20
250.0
 10
1111.0
 20
250.0
 10
1111.0
 20
260.0
 10
964.0
 20
260.0
1001
HANOK_PORTRAIT_DL
1000
{"kind":"part","part_id":"L02-1","family":"L02","length_mm":147.0,"width_mm":10.0,"thickness_mm":20,"depth_mm":20,"nesting_origin":[964,250.0],"assembly_map":[1,0,0,-1,63.0,163.0],"assembly_face_A":"BACK","assembly_group":"LEFT_LEAF","machi
1000
ning_face":"A"}
  0
TEXT
  5
DB
330
17
100
AcDbEntity
  8
PART_ID
100
AcDbText
 10
1037.5
 20
255.0
 30
0.0
 40
3.4
  1
L02-1
 72
1
 11
1037.5
 21
255.0
 31
0.0
100
AcDbText
 73
2
1001
HANOK_PORTRAIT_DL
1000
{"text_align":"center","kind":"part_id","part_id":"L02-1","view":"nest"}
  0
LWPOLYLINE
  5
DC
330
17
100
AcDbEntity
  8
POCKET_10MM
100
AcDbPolyline
 90
4
 70
1
 10
964.0
 20
250.0
 10
974.0
 20
250.0
 10
974.0
 20
260.0
 10
964.0
 20
260.0
1001
HANOK_PORTRAIT_DL
1000
{"kind":"pocket","part_id":"L02-1","feature_id":"L02-1-P01","joint":"J4","joint_id":"PAIR-10","mate_part_id":"S01-1","mate_feature_id":"S01-1-P06","seat":false,"depth_mm":10.0,"local_rect":[0.0,0.0,10.0,10.0],"open_edges":["U_MIN","V_MIN","
1000
V_MAX"],"machining_face":"A"}
  0
LWPOLYLINE
  5
DD
330
17
100
AcDbEntity
  8
POCKET_10MM
100
AcDbPolyline
 90
4
 70
1
 10
1101.0
 20
250.0
 10
1111.0
 20
250.0
 10
1111.0
 20
260.0
 10
1101.0
 20
260.0
1001
HANOK_PORTRAIT_DL
1000
{"kind":"pocket","part_id":"L02-1","feature_id":"L02-1-P02","joint":"J4","joint_id":"PAIR-13","mate_part_id":"S01-2","mate_feature_id":"S01-2-P03","seat":false,"depth_mm":10.0,"local_rect":[137.0,0.0,10.0,10.0],"open_edges":["U_MAX","V_MIN"
1000
,"V_MAX"],"machining_face":"A"}
  0
LWPOLYLINE
  5
DE
330
17
100
AcDbEntity
  8
POCKET_10MM
100
AcDbPolyline
 90
4
 70
1
 10
1009.6666666666666
 20
250.0
 10
1019.6666666666666
 20
250.0
 10
1019.6666666666666
 20
260.0
 10
1009.6666666666666
 20
260.0
1001
HANOK_PORTRAIT_DL
1000
{"kind":"pocket","part_id":"L02-1","feature_id":"L02-1-P03","joint":"J3","joint_id":"PAIR-37","mate_part_id":"L01-1","mate_feature_id":"L01-1-P03","seat":false,"depth_mm":10.0,"local_rect":[45.66666666666666,0.0,10.0,10.0],"open_edges":["V_
1000
MIN","V_MAX"],"machining_face":"A"}
  0
LWPOLYLINE
  5
DF
330
17
100
AcDbEntity
  8
POCKET_10MM
100
AcDbPolyline
 90
4
 70
1
 10
1055.3333333333333
 20
250.0
 10
1065.3333333333333
 20
250.0
 10
1065.3333333333333
 20
260.0
 10
1055.3333333333333
 20
260.0
1001
HANOK_PORTRAIT_DL
1000
{"kind":"pocket","part_id":"L02-1","feature_id":"L02-1-P04","joint":"J3","joint_id":"PAIR-41","mate_part_id":"L01-2","mate_feature_id":"L01-2-P03","seat":false,"depth_mm":10.0,"local_rect":[91.33333333333331,0.0,10.0,10.0],"open_edges":["V_
1000
MIN","V_MAX"],"machining_face":"A"}
  0
LWPOLYLINE
  5
E0
330
17
100
AcDbEntity
  8
CUT_THROUGH
100
AcDbPolyline
 90
4
 70
1
 10
964.0
 20
272.0
 10
1111.0
 20
272.0
 10
1111.0
 20
282.0
 10
964.0
 20
282.0
1001
HANOK_PORTRAIT_DL
1000
{"kind":"part","part_id":"L02-2","family":"L02","length_mm":147.0,"width_mm":10.0,"thickness_mm":20,"depth_mm":20,"nesting_origin":[964,272.0],"assembly_map":[1,0,0,-1,63.0,253.0],"assembly_face_A":"BACK","assembly_group":"LEFT_LEAF","machi
1000
ning_face":"A"}
  0
TEXT
  5
E1
330
17
100
AcDbEntity
  8
PART_ID
100
AcDbText
 10
1037.5
 20
277.0
 30
0.0
 40
3.4
  1
L02-2
 72
1
 11
1037.5
 21
277.0
 31
0.0
100
AcDbText
 73
2
1001
HANOK_PORTRAIT_DL
1000
{"text_align":"center","kind":"part_id","part_id":"L02-2","view":"nest"}
  0
LWPOLYLINE
  5
E2
330
17
100
AcDbEntity
  8
POCKET_10MM
100
AcDbPolyline
 90
4
 70
1
 10
964.0
 20
272.0
 10
974.0
 20
272.0
 10
974.0
 20
282.0
 10
964.0
 20
282.0
1001
HANOK_PORTRAIT_DL
1000
{"kind":"pocket","part_id":"L02-2","feature_id":"L02-2-P01","joint":"J4","joint_id":"PAIR-09","mate_part_id":"S01-1","mate_feature_id":"S01-1-P05","seat":false,"depth_mm":10.0,"local_rect":[0.0,0.0,10.0,10.0],"open_edges":["U_MIN","V_MIN","
1000
V_MAX"],"machining_face":"A"}
  0
LWPOLYLINE
  5
E3
330
17
100
AcDbEntity
  8
POCKET_10MM
100
AcDbPolyline
 90
4
 70
1
 10
1101.0
 20
272.0
 10
1111.0
 20
272.0
 10
1111.0
 20
282.0
 10
1101.0
 20
282.0
1001
HANOK_PORTRAIT_DL
1000
{"kind":"pocket","part_id":"L02-2","feature_id":"L02-2-P02","joint":"J4","joint_id":"PAIR-14","mate_part_id":"S01-2","mate_feature_id":"S01-2-P04","seat":false,"depth_mm":10.0,"local_rect":[137.0,0.0,10.0,10.0],"open_edges":["U_MAX","V_MIN"
1000
,"V_MAX"],"machining_face":"A"}
  0
LWPOLYLINE
  5
E4
330
17
100
AcDbEntity
  8
POCKET_10MM
100
AcDbPolyline
 90
4
 70
1
 10
1009.6666666666666
 20
272.0
 10
1019.6666666666666
 20
272.0
 10
1019.6666666666666
 20
282.0
 10
1009.6666666666666
 20
282.0
1001
HANOK_PORTRAIT_DL
1000
{"kind":"pocket","part_id":"L02-2","feature_id":"L02-2-P03","joint":"J3","joint_id":"PAIR-38","mate_part_id":"L01-1","mate_feature_id":"L01-1-P04","seat":false,"depth_mm":10.0,"local_rect":[45.66666666666666,0.0,10.0,10.0],"open_edges":["V_
1000
MIN","V_MAX"],"machining_face":"A"}
  0
LWPOLYLINE
  5
E5
330
17
100
AcDbEntity
  8
POCKET_10MM
100
AcDbPolyline
 90
4
 70
1
 10
1055.3333333333333
 20
272.0
 10
1065.3333333333333
 20
272.0
 10
1065.3333333333333
 20
282.0
 10
1055.3333333333333
 20
282.0
1001
HANOK_PORTRAIT_DL
1000
{"kind":"pocket","part_id":"L02-2","feature_id":"L02-2-P04","joint":"J3","joint_id":"PAIR-42","mate_part_id":"L01-2","mate_feature_id":"L01-2-P04","seat":false,"depth_mm":10.0,"local_rect":[91.33333333333331,0.0,10.0,10.0],"open_edges":["V_
1000
MIN","V_MAX"],"machining_face":"A"}
  0
LWPOLYLINE
  5
E6
330
17
100
AcDbEntity
  8
CUT_THROUGH
100
AcDbPolyline
 90
4
 70
1
 10
20.0
 20
294.0
 10
167.0
 20
294.0
 10
167.0
 20
304.0
 10
20.0
 20
304.0
1001
HANOK_PORTRAIT_DL
1000
{"kind":"part","part_id":"L02-3","family":"L02","length_mm":147.0,"width_mm":10.0,"thickness_mm":20,"depth_mm":20,"nesting_origin":[20,294.0],"assembly_map":[1,0,0,-1,63.0,343.0],"assembly_face_A":"BACK","assembly_group":"LEFT_LEAF","machin
1000
ing_face":"A"}
  0
TEXT
  5
E7
330
17
100
AcDbEntity
  8
PART_ID
100
AcDbText
 10
93.5
 20
299.0
 30
0.0
 40
3.4
  1
L02-3
 72
1
 11
93.5
 21
299.0
 31
0.0
100
AcDbText
 73
2
1001
HANOK_PORTRAIT_DL
1000
{"text_align":"center","kind":"part_id","part_id":"L02-3","view":"nest"}
  0
LWPOLYLINE
  5
E8
330
17
100
AcDbEntity
  8
POCKET_10MM
100
AcDbPolyline
 90
4
 70
1
 10
20.0
 20
294.0
 10
30.0
 20
294.0
 10
30.0
 20
304.0
 10
20.0
 20
304.0
1001
HANOK_PORTRAIT_DL
1000
{"kind":"pocket","part_id":"L02-3","feature_id":"L02-3-P01","joint":"J4","joint_id":"PAIR-08","mate_part_id":"S01-1","mate_feature_id":"S01-1-P04","seat":false,"depth_mm":10.0,"local_rect":[0.0,0.0,10.0,10.0],"open_edges":["U_MIN","V_MIN","
1000
V_MAX"],"machining_face":"A"}
  0
LWPOLYLINE
  5
E9
330
17
100
AcDbEntity
  8
POCKET_10MM
100
AcDbPolyline
 90
4
 70
1
 10
157.0
 20
294.0
 10
167.0
 20
294.0
 10
167.0
 20
304.0
 10
157.0
 20
304.0
1001
HANOK_PORTRAIT_DL
1000
{"kind":"pocket","part_id":"L02-3","feature_id":"L02-3-P02","joint":"J4","joint_id":"PAIR-15","mate_part_id":"S01-2","mate_feature_id":"S01-2-P05","seat":false,"depth_mm":10.0,"local_rect":[137.0,0.0,10.0,10.0],"open_edges":["U_MAX","V_MIN"
1000
,"V_MAX"],"machining_face":"A"}
  0
LWPOLYLINE
  5
EA
330
17
100
AcDbEntity
  8
POCKET_10MM
100
AcDbPolyline
 90
4
 70
1
 10
65.66666666666666
 20
294.0
 10
75.66666666666666
 20
294.0
 10
75.66666666666666
 20
304.0
 10
65.66666666666666
 20
304.0
1001
HANOK_PORTRAIT_DL
1000
{"kind":"pocket","part_id":"L02-3","feature_id":"L02-3-P03","joint":"J3","joint_id":"PAIR-39","mate_part_id":"L01-1","mate_feature_id":"L01-1-P05","seat":false,"depth_mm":10.0,"local_rect":[45.66666666666666,0.0,10.0,10.0],"open_edges":["V_
1000
MIN","V_MAX"],"machining_face":"A"}
  0
LWPOLYLINE
  5
EB
330
17
100
AcDbEntity
  8
POCKET_10MM
100
AcDbPolyline
 90
4
 70
1
 10
111.33333333333331
 20
294.0
 10
121.33333333333331
 20
294.0
 10
121.33333333333331
 20
304.0
 10
111.33333333333331
 20
304.0
1001
HANOK_PORTRAIT_DL
1000
{"kind":"pocket","part_id":"L02-3","feature_id":"L02-3-P04","joint":"J3","joint_id":"PAIR-43","mate_part_id":"L01-2","mate_feature_id":"L01-2-P05","seat":false,"depth_mm":10.0,"local_rect":[91.33333333333331,0.0,10.0,10.0],"open_edges":["V_
1000
MIN","V_MAX"],"machining_face":"A"}
  0
LWPOLYLINE
  5
EC
330
17
100
AcDbEntity
  8
CUT_THROUGH
100
AcDbPolyline
 90
4
 70
1
 10
179.0
 20
294.0
 10
326.0
 20
294.0
 10
326.0
 20
304.0
 10
179.0
 20
304.0
1001
HANOK_PORTRAIT_DL
1000
{"kind":"part","part_id":"L02-4","family":"L02","length_mm":147.0,"width_mm":10.0,"thickness_mm":20,"depth_mm":20,"nesting_origin":[179.0,294.0],"assembly_map":[1,0,0,-1,63.0,433.0],"assembly_face_A":"BACK","assembly_group":"LEFT_LEAF","mac
1000
hining_face":"A"}
  0
TEXT
  5
ED
330
17
100
AcDbEntity
  8
PART_ID
100
AcDbText
 10
252.5
 20
299.0
 30
0.0
 40
3.4
  1
L02-4
 72
1
 11
252.5
 21
299.0
 31
0.0
100
AcDbText
 73
2
1001
HANOK_PORTRAIT_DL
1000
{"text_align":"center","kind":"part_id","part_id":"L02-4","view":"nest"}
  0
LWPOLYLINE
  5
EE
330
17
100
AcDbEntity
  8
POCKET_10MM
100
AcDbPolyline
 90
4
 70
1
 10
179.0
 20
294.0
 10
189.0
 20
294.0
 10
189.0
 20
304.0
 10
179.0
 20
304.0
1001
HANOK_PORTRAIT_DL
1000
{"kind":"pocket","part_id":"L02-4","feature_id":"L02-4-P01","joint":"J4","joint_id":"PAIR-07","mate_part_id":"S01-1","mate_feature_id":"S01-1-P03","seat":false,"depth_mm":10.0,"local_rect":[0.0,0.0,10.0,10.0],"open_edges":["U_MIN","V_MIN","
1000
V_MAX"],"machining_face":"A"}
  0
LWPOLYLINE
  5
EF
330
17
100
AcDbEntity
  8
POCKET_10MM
100
AcDbPolyline
 90
4
 70
1
 10
316.0
 20
294.0
 10
326.0
 20
294.0
 10
326.0
 20
304.0
 10
316.0
 20
304.0
1001
HANOK_PORTRAIT_DL
1000
{"kind":"pocket","part_id":"L02-4","feature_id":"L02-4-P02","joint":"J4","joint_id":"PAIR-16","mate_part_id":"S01-2","mate_feature_id":"S01-2-P06","seat":false,"depth_mm":10.0,"local_rect":[137.0,0.0,10.0,10.0],"open_edges":["U_MAX","V_MIN"
1000
,"V_MAX"],"machining_face":"A"}
  0
LWPOLYLINE
  5
F0
330
17
100
AcDbEntity
  8
POCKET_10MM
100
AcDbPolyline
 90
4
 70
1
 10
224.66666666666666
 20
294.0
 10
234.66666666666666
 20
294.0
 10
234.66666666666666
 20
304.0
 10
224.66666666666666
 20
304.0
1001
HANOK_PORTRAIT_DL
1000
{"kind":"pocket","part_id":"L02-4","feature_id":"L02-4-P03","joint":"J3","joint_id":"PAIR-40","mate_part_id":"L01-1","mate_feature_id":"L01-1-P06","seat":false,"depth_mm":10.0,"local_rect":[45.66666666666666,0.0,10.0,10.0],"open_edges":["V_
1000
MIN","V_MAX"],"machining_face":"A"}
  0
LWPOLYLINE
  5
F1
330
17
100
AcDbEntity
  8
POCKET_10MM
100
AcDbPolyline
 90
4
 70
1
 10
270.3333333333333
 20
294.0
 10
280.3333333333333
 20
294.0
 10
280.3333333333333
 20
304.0
 10
270.3333333333333
 20
304.0
1001
HANOK_PORTRAIT_DL
1000
{"kind":"pocket","part_id":"L02-4","feature_id":"L02-4-P04","joint":"J3","joint_id":"PAIR-44","mate_part_id":"L01-2","mate_feature_id":"L01-2-P06","seat":false,"depth_mm":10.0,"local_rect":[91.33333333333331,0.0,10.0,10.0],"open_edges":["V_
1000
MIN","V_MAX"],"machining_face":"A"}
  0
LWPOLYLINE
  5
F2
330
17
100
AcDbEntity
  8
CUT_THROUGH
100
AcDbPolyline
 90
4
 70
1
 10
338.0
 20
294.0
 10
485.0
 20
294.0
 10
485.0
 20
304.0
 10
338.0
 20
304.0
1001
HANOK_PORTRAIT_DL
1000
{"kind":"part","part_id":"L02-5","family":"L02","length_mm":147.0,"width_mm":10.0,"thickness_mm":20,"depth_mm":20,"nesting_origin":[338.0,294.0],"assembly_map":[1,0,0,-1,253.0,163.0],"assembly_face_A":"BACK","assembly_group":"RIGHT_LEAF","m
1000
achining_face":"A"}
  0
TEXT
  5
F3
330
17
100
AcDbEntity
  8
PART_ID
100
AcDbText
 10
411.5
 20
299.0
 30
0.0
 40
3.4
  1
L02-5
 72
1
 11
411.5
 21
299.0
 31
0.0
100
AcDbText
 73
2
1001
HANOK_PORTRAIT_DL
1000
{"text_align":"center","kind":"part_id","part_id":"L02-5","view":"nest"}
  0
LWPOLYLINE
  5
F4
330
17
100
AcDbEntity
  8
POCKET_10MM
100
AcDbPolyline
 90
4
 70
1
 10
338.0
 20
294.0
 10
348.0
 20
294.0
 10
348.0
 20
304.0
 10
338.0
 20
304.0
1001
HANOK_PORTRAIT_DL
1000
{"kind":"pocket","part_id":"L02-5","feature_id":"L02-5-P01","joint":"J4","joint_id":"PAIR-22","mate_part_id":"S01-3","mate_feature_id":"S01-3-P06","seat":false,"depth_mm":10.0,"local_rect":[0.0,0.0,10.0,10.0],"open_edges":["U_MIN","V_MIN","
1000
V_MAX"],"machining_face":"A"}
  0
LWPOLYLINE
  5
F5
330
17
100
AcDbEntity
  8
POCKET_10MM
100
AcDbPolyline
 90
4
 70
1
 10
475.0
 20
294.0
 10
485.0
 20
294.0
 10
485.0
 20
304.0
 10
475.0
 20
304.0
1001
HANOK_PORTRAIT_DL
1000
{"kind":"pocket","part_id":"L02-5","feature_id":"L02-5-P02","joint":"J4","joint_id":"PAIR-25","mate_part_id":"S01-4","mate_feature_id":"S01-4-P03","seat":false,"depth_mm":10.0,"local_rect":[137.0,0.0,10.0,10.0],"open_edges":["U_MAX","V_MIN"
1000
,"V_MAX"],"machining_face":"A"}
  0
LWPOLYLINE
  5
F6
330
17
100
AcDbEntity
  8
POCKET_10MM
100
AcDbPolyline
 90
4
 70
1
 10
383.6666666666667
 20
294.0
 10
393.6666666666667
 20
294.0
 10
393.6666666666667
 20
304.0
 10
383.6666666666667
 20
304.0
1001
HANOK_PORTRAIT_DL
1000
{"kind":"pocket","part_id":"L02-5","feature_id":"L02-5-P03","joint":"J3","joint_id":"PAIR-45","mate_part_id":"L01-3","mate_feature_id":"L01-3-P03","seat":false,"depth_mm":10.0,"local_rect":[45.666666666666686,0.0,10.0,10.0],"open_edges":["V
1000
_MIN","V_MAX"],"machining_face":"A"}
  0
LWPOLYLINE
  5
F7
330
17
100
AcDbEntity
  8
POCKET_10MM
100
AcDbPolyline
 90
4
 70
1
 10
429.3333333333333
 20
294.0
 10
439.3333333333333
 20
294.0
 10
439.3333333333333
 20
304.0
 10
429.3333333333333
 20
304.0
1001
HANOK_PORTRAIT_DL
1000
{"kind":"pocket","part_id":"L02-5","feature_id":"L02-5-P04","joint":"J3","joint_id":"PAIR-49","mate_part_id":"L01-4","mate_feature_id":"L01-4-P03","seat":false,"depth_mm":10.0,"local_rect":[91.33333333333331,0.0,10.0,10.0],"open_edges":["V_
1000
MIN","V_MAX"],"machining_face":"A"}
  0
LWPOLYLINE
  5
F8
330
17
100
AcDbEntity
  8
CUT_THROUGH
100
AcDbPolyline
 90
4
 70
1
 10
497.0
 20
294.0
 10
644.0
 20
294.0
 10
644.0
 20
304.0
 10
497.0
 20
304.0
1001
HANOK_PORTRAIT_DL
1000
{"kind":"part","part_id":"L02-6","family":"L02","length_mm":147.0,"width_mm":10.0,"thickness_mm":20,"depth_mm":20,"nesting_origin":[497.0,294.0],"assembly_map":[1,0,0,-1,253.0,253.0],"assembly_face_A":"BACK","assembly_group":"RIGHT_LEAF","m
1000
achining_face":"A"}
  0
TEXT
  5
F9
330
17
100
AcDbEntity
  8
PART_ID
100
AcDbText
 10
570.5
 20
299.0
 30
0.0
 40
3.4
  1
L02-6
 72
1
 11
570.5
 21
299.0
 31
0.0
100
AcDbText
 73
2
1001
HANOK_PORTRAIT_DL
1000
{"text_align":"center","kind":"part_id","part_id":"L02-6","view":"nest"}
  0
LWPOLYLINE
  5
FA
330
17
100
AcDbEntity
  8
POCKET_10MM
100
AcDbPolyline
 90
4
 70
1
 10
497.0
 20
294.0
 10
507.0
 20
294.0
 10
507.0
 20
304.0
 10
497.0
 20
304.0
1001
HANOK_PORTRAIT_DL
1000
{"kind":"pocket","part_id":"L02-6","feature_id":"L02-6-P01","joint":"J4","joint_id":"PAIR-21","mate_part_id":"S01-3","mate_feature_id":"S01-3-P05","seat":false,"depth_mm":10.0,"local_rect":[0.0,0.0,10.0,10.0],"open_edges":["U_MIN","V_MIN","
1000
V_MAX"],"machining_face":"A"}
  0
LWPOLYLINE
  5
FB
330
17
100
AcDbEntity
  8
POCKET_10MM
100
AcDbPolyline
 90
4
 70
1
 10
634.0
 20
294.0
 10
644.0
 20
294.0
 10
644.0
 20
304.0
 10
634.0
 20
304.0
1001
HANOK_PORTRAIT_DL
1000
{"kind":"pocket","part_id":"L02-6","feature_id":"L02-6-P02","joint":"J4","joint_id":"PAIR-26","mate_part_id":"S01-4","mate_feature_id":"S01-4-P04","seat":false,"depth_mm":10.0,"local_rect":[137.0,0.0,10.0,10.0],"open_edges":["U_MAX","V_MIN"
1000
,"V_MAX"],"machining_face":"A"}
  0
LWPOLYLINE
  5
FC
330
17
100
AcDbEntity
  8
POCKET_10MM
100
AcDbPolyline
 90
4
 70
1
 10
542.6666666666667
 20
294.0
 10
552.6666666666667
 20
294.0
 10
552.6666666666667
 20
304.0
 10
542.6666666666667
 20
304.0
1001
HANOK_PORTRAIT_DL
1000
{"kind":"pocket","part_id":"L02-6","feature_id":"L02-6-P03","joint":"J3","joint_id":"PAIR-46","mate_part_id":"L01-3","mate_feature_id":"L01-3-P04","seat":false,"depth_mm":10.0,"local_rect":[45.666666666666686,0.0,10.0,10.0],"open_edges":["V
1000
_MIN","V_MAX"],"machining_face":"A"}
  0
LWPOLYLINE
  5
FD
330
17
100
AcDbEntity
  8
POCKET_10MM
100
AcDbPolyline
 90
4
 70
1
 10
588.3333333333333
 20
294.0
 10
598.3333333333333
 20
294.0
 10
598.3333333333333
 20
304.0
 10
588.3333333333333
 20
304.0
1001
HANOK_PORTRAIT_DL
1000
{"kind":"pocket","part_id":"L02-6","feature_id":"L02-6-P04","joint":"J3","joint_id":"PAIR-50","mate_part_id":"L01-4","mate_feature_id":"L01-4-P04","seat":false,"depth_mm":10.0,"local_rect":[91.33333333333331,0.0,10.0,10.0],"open_edges":["V_
1000
MIN","V_MAX"],"machining_face":"A"}
  0
LWPOLYLINE
  5
FE
330
17
100
AcDbEntity
  8
CUT_THROUGH
100
AcDbPolyline
 90
4
 70
1
 10
656.0
 20
294.0
 10
803.0
 20
294.0
 10
803.0
 20
304.0
 10
656.0
 20
304.0
1001
HANOK_PORTRAIT_DL
1000
{"kind":"part","part_id":"L02-7","family":"L02","length_mm":147.0,"width_mm":10.0,"thickness_mm":20,"depth_mm":20,"nesting_origin":[656.0,294.0],"assembly_map":[1,0,0,-1,253.0,343.0],"assembly_face_A":"BACK","assembly_group":"RIGHT_LEAF","m
1000
achining_face":"A"}
  0
TEXT
  5
FF
330
17
100
AcDbEntity
  8
PART_ID
100
AcDbText
 10
729.5
 20
299.0
 30
0.0
 40
3.4
  1
L02-7
 72
1
 11
729.5
 21
299.0
 31
0.0
100
AcDbText
 73
2
1001
HANOK_PORTRAIT_DL
1000
{"text_align":"center","kind":"part_id","part_id":"L02-7","view":"nest"}
  0
LWPOLYLINE
  5
100
330
17
100
AcDbEntity
  8
POCKET_10MM
100
AcDbPolyline
 90
4
 70
1
 10
656.0
 20
294.0
 10
666.0
 20
294.0
 10
666.0
 20
304.0
 10
656.0
 20
304.0
1001
HANOK_PORTRAIT_DL
1000
{"kind":"pocket","part_id":"L02-7","feature_id":"L02-7-P01","joint":"J4","joint_id":"PAIR-20","mate_part_id":"S01-3","mate_feature_id":"S01-3-P04","seat":false,"depth_mm":10.0,"local_rect":[0.0,0.0,10.0,10.0],"open_edges":["U_MIN","V_MIN","
1000
V_MAX"],"machining_face":"A"}
  0
LWPOLYLINE
  5
101
330
17
100
AcDbEntity
  8
POCKET_10MM
100
AcDbPolyline
 90
4
 70
1
 10
793.0
 20
294.0
 10
803.0
 20
294.0
 10
803.0
 20
304.0
 10
793.0
 20
304.0
1001
HANOK_PORTRAIT_DL
1000
{"kind":"pocket","part_id":"L02-7","feature_id":"L02-7-P02","joint":"J4","joint_id":"PAIR-27","mate_part_id":"S01-4","mate_feature_id":"S01-4-P05","seat":false,"depth_mm":10.0,"local_rect":[137.0,0.0,10.0,10.0],"open_edges":["U_MAX","V_MIN"
1000
,"V_MAX"],"machining_face":"A"}
  0
LWPOLYLINE
  5
102
330
17
100
AcDbEntity
  8
POCKET_10MM
100
AcDbPolyline
 90
4
 70
1
 10
701.6666666666667
 20
294.0
 10
711.6666666666667
 20
294.0
 10
711.6666666666667
 20
304.0
 10
701.6666666666667
 20
304.0
1001
HANOK_PORTRAIT_DL
1000
{"kind":"pocket","part_id":"L02-7","feature_id":"L02-7-P03","joint":"J3","joint_id":"PAIR-47","mate_part_id":"L01-3","mate_feature_id":"L01-3-P05","seat":false,"depth_mm":10.0,"local_rect":[45.666666666666686,0.0,10.0,10.0],"open_edges":["V
1000
_MIN","V_MAX"],"machining_face":"A"}
  0
LWPOLYLINE
  5
103
330
17
100
AcDbEntity
  8
POCKET_10MM
100
AcDbPolyline
 90
4
 70
1
 10
747.3333333333333
 20
294.0
 10
757.3333333333333
 20
294.0
 10
757.3333333333333
 20
304.0
 10
747.3333333333333
 20
304.0
1001
HANOK_PORTRAIT_DL
1000
{"kind":"pocket","part_id":"L02-7","feature_id":"L02-7-P04","joint":"J3","joint_id":"PAIR-51","mate_part_id":"L01-4","mate_feature_id":"L01-4-P05","seat":false,"depth_mm":10.0,"local_rect":[91.33333333333331,0.0,10.0,10.0],"open_edges":["V_
1000
MIN","V_MAX"],"machining_face":"A"}
  0
LWPOLYLINE
  5
104
330
17
100
AcDbEntity
  8
CUT_THROUGH
100
AcDbPolyline
 90
4
 70
1
 10
815.0
 20
294.0
 10
962.0
 20
294.0
 10
962.0
 20
304.0
 10
815.0
 20
304.0
1001
HANOK_PORTRAIT_DL
1000
{"kind":"part","part_id":"L02-8","family":"L02","length_mm":147.0,"width_mm":10.0,"thickness_mm":20,"depth_mm":20,"nesting_origin":[815.0,294.0],"assembly_map":[1,0,0,-1,253.0,433.0],"assembly_face_A":"BACK","assembly_group":"RIGHT_LEAF","m
1000
achining_face":"A"}
  0
TEXT
  5
105
330
17
100
AcDbEntity
  8
PART_ID
100
AcDbText
 10
888.5
 20
299.0
 30
0.0
 40
3.4
  1
L02-8
 72
1
 11
888.5
 21
299.0
 31
0.0
100
AcDbText
 73
2
1001
HANOK_PORTRAIT_DL
1000
{"text_align":"center","kind":"part_id","part_id":"L02-8","view":"nest"}
  0
LWPOLYLINE
  5
106
330
17
100
AcDbEntity
  8
POCKET_10MM
100
AcDbPolyline
 90
4
 70
1
 10
815.0
 20
294.0
 10
825.0
 20
294.0
 10
825.0
 20
304.0
 10
815.0
 20
304.0
1001
HANOK_PORTRAIT_DL
1000
{"kind":"pocket","part_id":"L02-8","feature_id":"L02-8-P01","joint":"J4","joint_id":"PAIR-19","mate_part_id":"S01-3","mate_feature_id":"S01-3-P03","seat":false,"depth_mm":10.0,"local_rect":[0.0,0.0,10.0,10.0],"open_edges":["U_MIN","V_MIN","
1000
V_MAX"],"machining_face":"A"}
  0
LWPOLYLINE
  5
107
330
17
100
AcDbEntity
  8
POCKET_10MM
100
AcDbPolyline
 90
4
 70
1
 10
952.0
 20
294.0
 10
962.0
 20
294.0
 10
962.0
 20
304.0
 10
952.0
 20
304.0
1001
HANOK_PORTRAIT_DL
1000
{"kind":"pocket","part_id":"L02-8","feature_id":"L02-8-P02","joint":"J4","joint_id":"PAIR-28","mate_part_id":"S01-4","mate_feature_id":"S01-4-P06","seat":false,"depth_mm":10.0,"local_rect":[137.0,0.0,10.0,10.0],"open_edges":["U_MAX","V_MIN"
1000
,"V_MAX"],"machining_face":"A"}
  0
LWPOLYLINE
  5
108
330
17
100
AcDbEntity
  8
POCKET_10MM
100
AcDbPolyline
 90
4
 70
1
 10
860.6666666666667
 20
294.0
 10
870.6666666666667
 20
294.0
 10
870.6666666666667
 20
304.0
 10
860.6666666666667
 20
304.0
1001
HANOK_PORTRAIT_DL
1000
{"kind":"pocket","part_id":"L02-8","feature_id":"L02-8-P03","joint":"J3","joint_id":"PAIR-48","mate_part_id":"L01-3","mate_feature_id":"L01-3-P06","seat":false,"depth_mm":10.0,"local_rect":[45.666666666666686,0.0,10.0,10.0],"open_edges":["V
1000
_MIN","V_MAX"],"machining_face":"A"}
  0
LWPOLYLINE
  5
109
330
17
100
AcDbEntity
  8
POCKET_10MM
100
AcDbPolyline
 90
4
 70
1
 10
906.3333333333333
 20
294.0
 10
916.3333333333333
 20
294.0
 10
916.3333333333333
 20
304.0
 10
906.3333333333333
 20
304.0
1001
HANOK_PORTRAIT_DL
1000
{"kind":"pocket","part_id":"L02-8","feature_id":"L02-8-P04","joint":"J3","joint_id":"PAIR-52","mate_part_id":"L01-4","mate_feature_id":"L01-4-P06","seat":false,"depth_mm":10.0,"local_rect":[91.33333333333331,0.0,10.0,10.0],"open_edges":["V_
1000
MIN","V_MAX"],"machining_face":"A"}
  0
LWPOLYLINE
  5
10A
330
17
100
AcDbEntity
  8
BOARD_BOUNDARY
100
AcDbPolyline
 90
4
 70
1
 10
0.0
 20
0.0
 10
1220.0
 20
0.0
 10
1220.0
 20
900.0
 10
0.0
 20
900.0
1001
HANOK_PORTRAIT_DL
1000
{"kind":"board","view":"nest","size_mm":[1220,900,20]}
  0
TEXT
  5
10B
330
17
100
AcDbEntity
  8
NOTES
100
AcDbText
 10
0.0
 20
955.0
 30
0.0
 40
13.0
  1
HANOK WINDOW / DOUBLE LEAF
 11
0.0
 21
955.0
 31
0.0
100
AcDbText
 73
2
1001
HANOK_PORTRAIT_DL
1000
{"text_align":"left","kind":"title","view":"nest"}
  0
TEXT
  5
10C
330
17
100
AcDbEntity
  8
NOTES
100
AcDbText
 10
1220.0
 20
955.0
 30
0.0
 40
6.0
  1
REVISION HANOK_GEN_V1_a9fbfb12f054 / 2026-09-12 / GENERATED FROM design_parameters.json
 72
2
 11
1220.0
 21
955.0
 31
0.0
100
AcDbText
 73
2
1001
HANOK_PORTRAIT_DL
1000
{"text_align":"right","kind":"revision","view":"nest"}
  0
TEXT
  5
10D
330
17
100
AcDbEntity
  8
NOTES
100
AcDbText
 10
0.0
 20
930.0
 30
0.0
 40
5.5
  1
463 W x 586 H / 24 PARTS / 104 POCKETS / 48 RELIEFS / mm / MODEL SPACE 1:1
 11
0.0
 21
930.0
 31
0.0
100
AcDbText
 73
2
1001
HANOK_PORTRAIT_DL
1000
{"text_align":"left","view":"nest"}
  0
LINE
  5
10E
330
17
100
AcDbEntity
  8
DIMENSIONS
100
AcDbLine
 10
0.0
 20
900.0
 30
0.0
 11
0.0
 21
916.0
 31
0.0
1001
HANOK_PORTRAIT_DL
1000
{"kind":"dim","detail":null,"view":"nest"}
  0
LINE
  5
10F
330
17
100
AcDbEntity
  8
DIMENSIONS
100
AcDbLine
 10
1220.0
 20
900.0
 30
0.0
 11
1220.0
 21
916.0
 31
0.0
1001
HANOK_PORTRAIT_DL
1000
{"kind":"dim","detail":null,"view":"nest"}
  0
LINE
  5
110
330
17
100
AcDbEntity
  8
DIMENSIONS
100
AcDbLine
 10
0.0
 20
914.0
 30
0.0
 11
1220.0
 21
914.0
 31
0.0
1001
HANOK_PORTRAIT_DL
1000
{"kind":"dim","detail":null,"view":"nest"}
  0
LINE
  5
111
330
17
100
AcDbEntity
  8
DIMENSIONS
100
AcDbLine
 10
0.0
 20
914.0
 30
0.0
 11
3.0
 21
915.5
 31
0.0
1001
HANOK_PORTRAIT_DL
1000
{"kind":"dim","detail":null,"view":"nest"}
  0
LINE
  5
112
330
17
100
AcDbEntity
  8
DIMENSIONS
100
AcDbLine
 10
0.0
 20
914.0
 30
0.0
 11
3.0
 21
912.5
 31
0.0
1001
HANOK_PORTRAIT_DL
1000
{"kind":"dim","detail":null,"view":"nest"}
  0
LINE
  5
113
330
17
100
AcDbEntity
  8
DIMENSIONS
100
AcDbLine
 10
1220.0
 20
914.0
 30
0.0
 11
1217.0
 21
915.5
 31
0.0
1001
HANOK_PORTRAIT_DL
1000
{"kind":"dim","detail":null,"view":"nest"}
  0
LINE
  5
114
330
17
100
AcDbEntity
  8
DIMENSIONS
100
AcDbLine
 10
1220.0
 20
914.0
 30
0.0
 11
1217.0
 21
912.5
 31
0.0
1001
HANOK_PORTRAIT_DL
1000
{"kind":"dim","detail":null,"view":"nest"}
  0
TEXT
  5
115
330
17
100
AcDbEntity
  8
DIMENSIONS
100
AcDbText
 10
610.0
 20
918.0
 30
0.0
 40
3.6
  1
1220
 72
1
 11
610.0
 21
918.0
 31
0.0
100
AcDbText
 73
2
1001
HANOK_PORTRAIT_DL
1000
{"text_align":"center","kind":"dim","detail":null,"view":"nest"}
  0
LINE
  5
116
330
17
100
AcDbEntity
  8
DIMENSIONS
100
AcDbLine
 10
0.0
 20
0.0
 30
0.0
 11
-29.0
 21
0.0
 31
0.0
1001
HANOK_PORTRAIT_DL
1000
{"kind":"dim","detail":null,"view":"nest"}
  0
LINE
  5
117
330
17
100
AcDbEntity
  8
DIMENSIONS
100
AcDbLine
 10
0.0
 20
900.0
 30
0.0
 11
-29.0
 21
900.0
 31
0.0
1001
HANOK_PORTRAIT_DL
1000
{"kind":"dim","detail":null,"view":"nest"}
  0
LINE
  5
118
330
17
100
AcDbEntity
  8
DIMENSIONS
100
AcDbLine
 10
-27.0
 20
0.0
 30
0.0
 11
-27.0
 21
900.0
 31
0.0
1001
HANOK_PORTRAIT_DL
1000
{"kind":"dim","detail":null,"view":"nest"}
  0
LINE
  5
119
330
17
100
AcDbEntity
  8
DIMENSIONS
100
AcDbLine
 10
-27.0
 20
0.0
 30
0.0
 11
-28.5
 21
3.0
 31
0.0
1001
HANOK_PORTRAIT_DL
1000
{"kind":"dim","detail":null,"view":"nest"}
  0
LINE
  5
11A
330
17
100
AcDbEntity
  8
DIMENSIONS
100
AcDbLine
 10
-27.0
 20
0.0
 30
0.0
 11
-25.5
 21
3.0
 31
0.0
1001
HANOK_PORTRAIT_DL
1000
{"kind":"dim","detail":null,"view":"nest"}
  0
LINE
  5
11B
330
17
100
AcDbEntity
  8
DIMENSIONS
100
AcDbLine
 10
-27.0
 20
900.0
 30
0.0
 11
-28.5
 21
897.0
 31
0.0
1001
HANOK_PORTRAIT_DL
1000
{"kind":"dim","detail":null,"view":"nest"}
  0
LINE
  5
11C
330
17
100
AcDbEntity
  8
DIMENSIONS
100
AcDbLine
 10
-27.0
 20
900.0
 30
0.0
 11
-25.5
 21
897.0
 31
0.0
1001
HANOK_PORTRAIT_DL
1000
{"kind":"dim","detail":null,"view":"nest"}
  0
TEXT
  5
11D
330
17
100
AcDbEntity
  8
DIMENSIONS
100
AcDbText
 10
-23.0
 20
450.0
 30
0.0
 40
3.6
  1
900
 50
90.0
 72
1
 11
-23.0
 21
450.0
 31
0.0
100
AcDbText
 73
2
1001
HANOK_PORTRAIT_DL
1000
{"text_align":"center","kind":"dim","detail":null,"view":"nest"}
  0
LINE
  5
11E
330
17
100
AcDbEntity
  8
GRAIN_DIRECTION
100
AcDbLine
 10
140.3
 20
494.72
 30
0.0
 11
1079.7
 21
494.72
 31
0.0
1001
HANOK_PORTRAIT_DL
1000
{"view":"nest"}
  0
LINE
  5
11F
330
17
100
AcDbEntity
  8
GRAIN_DIRECTION
100
AcDbLine
 10
1079.7
 20
494.72
 30
0.0
 11
1035.7
 21
515.72
 31
0.0
1001
HANOK_PORTRAIT_DL
1000
{"view":"nest"}
  0
LINE
  5
120
330
17
100
AcDbEntity
  8
GRAIN_DIRECTION
100
AcDbLine
 10
1079.7
 20
494.72
 30
0.0
 11
1035.7
 21
473.72
 31
0.0
1001
HANOK_PORTRAIT_DL
1000
{"view":"nest"}
  0
TEXT
  5
121
330
17
100
AcDbEntity
  8
GRAIN_DIRECTION
100
AcDbText
 10
610.0
 20
539.72
 30
0.0
 40
19.0
  1
GRAIN DIRECTION  +X
 72
1
 11
610.0
 21
539.72
 31
0.0
100
AcDbText
 73
2
1001
HANOK_PORTRAIT_DL
1000
{"text_align":"center","view":"nest"}
  0
TEXT
  5
122
330
17
100
AcDbEntity
  8
NOTES
100
AcDbText
 10
610.0
 20
691.4000000000001
 30
0.0
 40
13.0
  1
UNUSED OFFCUT / NOT ADDITIONAL PARTS
 72
1
 11
610.0
 21
691.4000000000001
 31
0.0
100
AcDbText
 73
2
1001
HANOK_PORTRAIT_DL
1000
{"text_align":"center","view":"nest"}
  0
TEXT
  5
123
330
17
100
AcDbEntity
  8
NOTES
100
AcDbText
 10
610.0
 20
657.4000000000001
 30
0.0
 40
8.0
  1
All 24 part lengths run parallel to the 1220 mm grain direction.
 72
1
 11
610.0
 21
657.4000000000001
 31
0.0
100
AcDbText
 73
2
1001
HANOK_PORTRAIT_DL
1000
{"text_align":"center","view":"nest"}
  0
TEXT
  5
124
330
17
100
AcDbEntity
  8
NOTES
100
AcDbText
 10
30.0
 20
852.0
 30
0.0
 40
6.6
  1
ONE BOARD 1220 x 900 x 20 / ALL POCKETS MACHINED FROM COMMON FACE A
 11
30.0
 21
852.0
 31
0.0
100
AcDbText
 73
2
1001
HANOK_PORTRAIT_DL
1000
{"text_align":"left","view":"nest"}
  0
TEXT
  5
125
330
17
100
AcDbEntity
  8
NOTES
100
AcDbText
 10
30.0
 20
832.0
 30
0.0
 40
6.6
  1
F01 / S01 / L01: A -> FRONT. F02 / S02 / L02: flip A -> BACK.
 11
30.0
 21
832.0
 31
0.0
100
AcDbText
 73
2
1001
HANOK_PORTRAIT_DL
1000
{"text_align":"left","view":"nest"}
  0
TEXT
  5
126
330
17
100
AcDbEntity
  8
NOTES
100
AcDbText
 10
30.0
 20
812.0
 30
0.0
 40
6.6
  1
POCKET_10MM + DOGBONE: UNION, REMOVE 10 mm. OPEN LAPS NEED WASTE-SIDE OVERRUN.
 11
30.0
 21
812.0
 31
0.0
100
AcDbText
 73
2
1001
HANOK_PORTRAIT_DL
1000
{"text_align":"left","view":"nest"}
  0
TEXT
  5
127
330
17
100
AcDbEntity
  8
NOTES
100
AcDbText
 10
30.0
 20
792.0
 30
0.0
 40
6.6
  1
HINGE_REF / LATCH_REF ARE POSITION REFERENCES ONLY. DO NOT MACHINE.
 11
30.0
 21
792.0
 31
0.0
100
AcDbText
 73
2
1001
HANOK_PORTRAIT_DL
1000
{"text_align":"left","view":"nest"}
  0
TEXT
  5
128
330
17
100
AcDbEntity
  8
NOTES
100
AcDbText
 10
30.0
 20
772.0
 30
0.0
 40
6.6
  1
NOMINAL FIT: VERIFY STOCK, TEST COUPONS, WORKHOLDING AND CAM BEFORE CUTTING.
 11
30.0
 21
772.0
 31
0.0
100
AcDbText
 73
2
1001
HANOK_PORTRAIT_DL
1000
{"text_align":"left","view":"nest"}
  0
TEXT
  5
129
330
17
100
AcDbEntity
  8
NOTES
100
AcDbText
 10
0.0
 20
-35.0
 30
0.0
 40
5.3
  1
No G-code, tabs, toolpaths, feeds or speeds are included. All hardware and backing remain PENDING.
 11
0.0
 21
-35.0
 31
0.0
100
AcDbText
 73
2
1001
HANOK_PORTRAIT_DL
1000
{"text_align":"left","view":"nest"}
  0
TEXT
  5
12A
330
17
100
AcDbEntity
  8
NOTES
100
AcDbText
 10
1350.0
 20
770.0
 30
0.0
 40
10.0
  1
DOUBLE LEAF / W463 x H586
 11
1350.0
 21
770.0
 31
0.0
100
AcDbText
 73
2
1001
HANOK_PORTRAIT_DL
1000
{"text_align":"left","view":"assembly","kind":"title"}
  0
TEXT
  5
12B
330
17
100
AcDbEntity
  8
NOTES
100
AcDbText
 10
1350.0
 20
747.0
 30
0.0
 40
5.0
  1
2 LEAF / REFERENCE ONLY
 11
1350.0
 21
747.0
 31
0.0
100
AcDbText
 73
2
1001
HANOK_PORTRAIT_DL
1000
{"text_align":"left","view":"assembly"}
  0
LWPOLYLINE
  5
12C
330
17
100
AcDbEntity
  8
ASSEMBLY_REFERENCE
  6
A3_DASHDOT
100
AcDbPolyline
 90
4
 70
1
 10
1433.0
 20
183.0
 10
1730.0
 20
183.0
 10
1730.0
 20
603.0
 10
1433.0
 20
603.0
1001
HANOK_PORTRAIT_DL
1000
{"view":"assembly","role":"picture","nominal_size":[297,420],"dxf_role":"rear_picture"}
  0
LWPOLYLINE
  5
12D
330
17
100
AcDbEntity
  8
ASSEMBLY_REFERENCE
100
AcDbPolyline
 90
4
 70
1
 10
1350.0
 20
100.0
 10
1390.0
 20
100.0
 10
1390.0
 20
686.0
 10
1350.0
 20
686.0
1001
HANOK_PORTRAIT_DL
1000
{"view":"assembly","role":"body","part_id":"F01-1","assembly_group":"FIXED"}
  0
LWPOLYLINE
  5
12E
330
17
100
AcDbEntity
  8
ASSEMBLY_REFERENCE
100
AcDbPolyline
 90
4
 70
1
 10
1813.0
 20
686.0
 10
1773.0
 20
686.0
 10
1773.0
 20
100.0
 10
1813.0
 20
100.0
1001
HANOK_PORTRAIT_DL
1000
{"view":"assembly","role":"body","part_id":"F01-2","assembly_group":"FIXED"}
  0
LWPOLYLINE
  5
12F
330
17
100
AcDbEntity
  8
ASSEMBLY_REFERENCE
100
AcDbPolyline
 90
4
 70
1
 10
1468.6666666666667
 20
623.0
 10
1458.6666666666667
 20
623.0
 10
1458.6666666666667
 20
163.0
 10
1468.6666666666667
 20
163.0
1001
HANOK_PORTRAIT_DL
1000
{"view":"assembly","role":"body","part_id":"L01-1","assembly_group":"LEFT_LEAF"}
  0
LWPOLYLINE
  5
130
330
17
100
AcDbEntity
  8
ASSEMBLY_REFERENCE
100
AcDbPolyline
 90
4
 70
1
 10
1514.3333333333333
 20
623.0
 10
1504.3333333333333
 20
623.0
 10
1504.3333333333333
 20
163.0
 10
1514.3333333333333
 20
163.0
1001
HANOK_PORTRAIT_DL
1000
{"view":"assembly","role":"body","part_id":"L01-2","assembly_group":"LEFT_LEAF"}
  0
LWPOLYLINE
  5
131
330
17
100
AcDbEntity
  8
ASSEMBLY_REFERENCE
100
AcDbPolyline
 90
4
 70
1
 10
1658.6666666666667
 20
623.0
 10
1648.6666666666667
 20
623.0
 10
1648.6666666666667
 20
163.0
 10
1658.6666666666667
 20
163.0
1001
HANOK_PORTRAIT_DL
1000
{"view":"assembly","role":"body","part_id":"L01-3","assembly_group":"RIGHT_LEAF"}
  0
LWPOLYLINE
  5
132
330
17
100
AcDbEntity
  8
ASSEMBLY_REFERENCE
100
AcDbPolyline
 90
4
 70
1
 10
1704.3333333333333
 20
623.0
 10
1694.3333333333333
 20
623.0
 10
1694.3333333333333
 20
163.0
 10
1704.3333333333333
 20
163.0
1001
HANOK_PORTRAIT_DL
1000
{"view":"assembly","role":"body","part_id":"L01-4","assembly_group":"RIGHT_LEAF"}
  0
LWPOLYLINE
  5
133
330
17
100
AcDbEntity
  8
ASSEMBLY_REFERENCE
100
AcDbPolyline
 90
4
 70
1
 10
1393.0
 20
143.0
 10
1423.0
 20
143.0
 10
1423.0
 20
643.0
 10
1393.0
 20
643.0
1001
HANOK_PORTRAIT_DL
1000
{"view":"assembly","role":"body","part_id":"S01-1","assembly_group":"LEFT_LEAF"}
  0
LWPOLYLINE
  5
134
330
17
100
AcDbEntity
  8
ASSEMBLY_REFERENCE
100
AcDbPolyline
 90
4
 70
1
 10
1580.0
 20
643.0
 10
1550.0
 20
643.0
 10
1550.0
 20
143.0
 10
1580.0
 20
143.0
1001
HANOK_PORTRAIT_DL
1000
{"view":"assembly","role":"body","part_id":"S01-2","assembly_group":"LEFT_LEAF"}
  0
LWPOLYLINE
  5
135
330
17
100
AcDbEntity
  8
ASSEMBLY_REFERENCE
100
AcDbPolyline
 90
4
 70
1
 10
1583.0
 20
143.0
 10
1613.0
 20
143.0
 10
1613.0
 20
643.0
 10
1583.0
 20
643.0
1001
HANOK_PORTRAIT_DL
1000
{"view":"assembly","role":"body","part_id":"S01-3","assembly_group":"RIGHT_LEAF"}
  0
LWPOLYLINE
  5
136
330
17
100
AcDbEntity
  8
ASSEMBLY_REFERENCE
100
AcDbPolyline
 90
4
 70
1
 10
1770.0
 20
643.0
 10
1740.0
 20
643.0
 10
1740.0
 20
143.0
 10
1770.0
 20
143.0
1001
HANOK_PORTRAIT_DL
1000
{"view":"assembly","role":"body","part_id":"S01-4","assembly_group":"RIGHT_LEAF"}
  0
LWPOLYLINE
  5
137
330
17
100
AcDbEntity
  8
ASSEMBLY_REFERENCE
100
AcDbPolyline
 90
4
 70
1
 10
1350.0
 20
100.0
 10
1350.0
 20
140.0
 10
1813.0
 20
140.0
 10
1813.0
 20
100.0
1001
HANOK_PORTRAIT_DL
1000
{"view":"assembly","role":"body","part_id":"F02-1","assembly_group":"FIXED"}
  0
LWPOLYLINE
  5
138
330
17
100
AcDbEntity
  8
ASSEMBLY_REFERENCE
100
AcDbPolyline
 90
4
 70
1
 10
1813.0
 20
686.0
 10
1813.0
 20
646.0
 10
1350.0
 20
646.0
 10
1350.0
 20
686.0
1001
HANOK_PORTRAIT_DL
1000
{"view":"assembly","role":"body","part_id":"F02-2","assembly_group":"FIXED"}
  0
LWPOLYLINE
  5
139
330
17
100
AcDbEntity
  8
ASSEMBLY_REFERENCE
100
AcDbPolyline
 90
4
 70
1
 10
1560.0
 20
263.0
 10
1560.0
 20
253.0
 10
1413.0
 20
253.0
 10
1413.0
 20
263.0
1001
HANOK_PORTRAIT_DL
1000
{"view":"assembly","role":"body","part_id":"L02-1","assembly_group":"LEFT_LEAF"}
  0
LWPOLYLINE
  5
13A
330
17
100
AcDbEntity
  8
ASSEMBLY_REFERENCE
100
AcDbPolyline
 90
4
 70
1
 10
1560.0
 20
353.0
 10
1560.0
 20
343.0
 10
1413.0
 20
343.0
 10
1413.0
 20
353.0
1001
HANOK_PORTRAIT_DL
1000
{"view":"assembly","role":"body","part_id":"L02-2","assembly_group":"LEFT_LEAF"}
  0
LWPOLYLINE
  5
13B
330
17
100
AcDbEntity
  8
ASSEMBLY_REFERENCE
100
AcDbPolyline
 90
4
 70
1
 10
1560.0
 20
443.0
 10
1560.0
 20
433.0
 10
1413.0
 20
433.0
 10
1413.0
 20
443.0
1001
HANOK_PORTRAIT_DL
1000
{"view":"assembly","role":"body","part_id":"L02-3","assembly_group":"LEFT_LEAF"}
  0
LWPOLYLINE
  5
13C
330
17
100
AcDbEntity
  8
ASSEMBLY_REFERENCE
100
AcDbPolyline
 90
4
 70
1
 10
1560.0
 20
533.0
 10
1560.0
 20
523.0
 10
1413.0
 20
523.0
 10
1413.0
 20
533.0
1001
HANOK_PORTRAIT_DL
1000
{"view":"assembly","role":"body","part_id":"L02-4","assembly_group":"LEFT_LEAF"}
  0
LWPOLYLINE
  5
13D
330
17
100
AcDbEntity
  8
ASSEMBLY_REFERENCE
100
AcDbPolyline
 90
4
 70
1
 10
1750.0
 20
263.0
 10
1750.0
 20
253.0
 10
1603.0
 20
253.0
 10
1603.0
 20
263.0
1001
HANOK_PORTRAIT_DL
1000
{"view":"assembly","role":"body","part_id":"L02-5","assembly_group":"RIGHT_LEAF"}
  0
LWPOLYLINE
  5
13E
330
17
100
AcDbEntity
  8
ASSEMBLY_REFERENCE
100
AcDbPolyline
 90
4
 70
1
 10
1750.0
 20
353.0
 10
1750.0
 20
343.0
 10
1603.0
 20
343.0
 10
1603.0
 20
353.0
1001
HANOK_PORTRAIT_DL
1000
{"view":"assembly","role":"body","part_id":"L02-6","assembly_group":"RIGHT_LEAF"}
  0
LWPOLYLINE
  5
13F
330
17
100
AcDbEntity
  8
ASSEMBLY_REFERENCE
100
AcDbPolyline
 90
4
 70
1
 10
1750.0
 20
443.0
 10
1750.0
 20
433.0
 10
1603.0
 20
433.0
 10
1603.0
 20
443.0
1001
HANOK_PORTRAIT_DL
1000
{"view":"assembly","role":"body","part_id":"L02-7","assembly_group":"RIGHT_LEAF"}
  0
LWPOLYLINE
  5
140
330
17
100
AcDbEntity
  8
ASSEMBLY_REFERENCE
100
AcDbPolyline
 90
4
 70
1
 10
1750.0
 20
533.0
 10
1750.0
 20
523.0
 10
1603.0
 20
523.0
 10
1603.0
 20
533.0
1001
HANOK_PORTRAIT_DL
1000
{"view":"assembly","role":"body","part_id":"L02-8","assembly_group":"RIGHT_LEAF"}
  0
LWPOLYLINE
  5
141
330
17
100
AcDbEntity
  8
ASSEMBLY_REFERENCE
100
AcDbPolyline
 90
4
 70
1
 10
1393.0
 20
143.0
 10
1393.0
 20
173.0
 10
1580.0
 20
173.0
 10
1580.0
 20
143.0
1001
HANOK_PORTRAIT_DL
1000
{"view":"assembly","role":"body","part_id":"S02-1","assembly_group":"LEFT_LEAF"}
  0
LWPOLYLINE
  5
142
330
17
100
AcDbEntity
  8
ASSEMBLY_REFERENCE
100
AcDbPolyline
 90
4
 70
1
 10
1580.0
 20
643.0
 10
1580.0
 20
613.0
 10
1393.0
 20
613.0
 10
1393.0
 20
643.0
1001
HANOK_PORTRAIT_DL
1000
{"view":"assembly","role":"body","part_id":"S02-2","assembly_group":"LEFT_LEAF"}
  0
LWPOLYLINE
  5
143
330
17
100
AcDbEntity
  8
ASSEMBLY_REFERENCE
100
AcDbPolyline
 90
4
 70
1
 10
1583.0
 20
143.0
 10
1583.0
 20
173.0
 10
1770.0
 20
173.0
 10
1770.0
 20
143.0
1001
HANOK_PORTRAIT_DL
1000
{"view":"assembly","role":"body","part_id":"S02-3","assembly_group":"RIGHT_LEAF"}
  0
LWPOLYLINE
  5
144
330
17
100
AcDbEntity
  8
ASSEMBLY_REFERENCE
100
AcDbPolyline
 90
4
 70
1
 10
1770.0
 20
643.0
 10
1770.0
 20
613.0
 10
1583.0
 20
613.0
 10
1583.0
 20
643.0
1001
HANOK_PORTRAIT_DL
1000
{"view":"assembly","role":"body","part_id":"S02-4","assembly_group":"RIGHT_LEAF"}
  0
LWPOLYLINE
  5
145
330
17
100
AcDbEntity
  8
ASSEMBLY_REFERENCE
  6
REF_DASH
100
AcDbPolyline
 90
4
 70
1
 10
1423.0
 20
173.0
 10
1740.0
 20
173.0
 10
1740.0
 20
613.0
 10
1423.0
 20
613.0
1001
HANOK_PORTRAIT_DL
1000
{"view":"assembly","role":"picture_region","nominal_size":[317,440]}
  0
LWPOLYLINE
  5
146
330
17
100
AcDbEntity
  8
ASSEMBLY_REFERENCE
  6
REF_DASH
100
AcDbPolyline
 90
4
 70
1
 10
1423.0
 20
173.0
 10
1550.0
 20
173.0
 10
1550.0
 20
613.0
 10
1423.0
 20
613.0
1001
HANOK_PORTRAIT_DL
1000
{"view":"assembly","role":"opening","nominal_size":[127.0,440]}
  0
LWPOLYLINE
  5
147
330
17
100
AcDbEntity
  8
ASSEMBLY_REFERENCE
  6
REF_DASH
100
AcDbPolyline
 90
4
 70
1
 10
1613.0
 20
173.0
 10
1740.0
 20
173.0
 10
1740.0
 20
613.0
 10
1613.0
 20
613.0
1001
HANOK_PORTRAIT_DL
1000
{"view":"assembly","role":"opening","nominal_size":[127.0,440]}
  0
LINE
  5
148
330
17
100
AcDbEntity
  8
DIMENSIONS
100
AcDbLine
 10
1350.0
 20
686.0
 30
0.0
 11
1350.0
 21
715.0
 31
0.0
1001
HANOK_PORTRAIT_DL
1000
{"kind":"dim","detail":null,"view":"assembly"}
  0
LINE
  5
149
330
17
100
AcDbEntity
  8
DIMENSIONS
100
AcDbLine
 10
1813.0
 20
686.0
 30
0.0
 11
1813.0
 21
715.0
 31
0.0
1001
HANOK_PORTRAIT_DL
1000
{"kind":"dim","detail":null,"view":"assembly"}
  0
LINE
  5
14A
330
17
100
AcDbEntity
  8
DIMENSIONS
100
AcDbLine
 10
1350.0
 20
713.0
 30
0.0
 11
1813.0
 21
713.0
 31
0.0
1001
HANOK_PORTRAIT_DL
1000
{"kind":"dim","detail":null,"view":"assembly"}
  0
LINE
  5
14B
330
17
100
AcDbEntity
  8
DIMENSIONS
100
AcDbLine
 10
1350.0
 20
713.0
 30
0.0
 11
1353.0
 21
714.5
 31
0.0
1001
HANOK_PORTRAIT_DL
1000
{"kind":"dim","detail":null,"view":"assembly"}
  0
LINE
  5
14C
330
17
100
AcDbEntity
  8
DIMENSIONS
100
AcDbLine
 10
1350.0
 20
713.0
 30
0.0
 11
1353.0
 21
711.5
 31
0.0
1001
HANOK_PORTRAIT_DL
1000
{"kind":"dim","detail":null,"view":"assembly"}
  0
LINE
  5
14D
330
17
100
AcDbEntity
  8
DIMENSIONS
100
AcDbLine
 10
1813.0
 20
713.0
 30
0.0
 11
1810.0
 21
714.5
 31
0.0
1001
HANOK_PORTRAIT_DL
1000
{"kind":"dim","detail":null,"view":"assembly"}
  0
LINE
  5
14E
330
17
100
AcDbEntity
  8
DIMENSIONS
100
AcDbLine
 10
1813.0
 20
713.0
 30
0.0
 11
1810.0
 21
711.5
 31
0.0
1001
HANOK_PORTRAIT_DL
1000
{"kind":"dim","detail":null,"view":"assembly"}
  0
TEXT
  5
14F
330
17
100
AcDbEntity
  8
DIMENSIONS
100
AcDbText
 10
1581.5
 20
717.0
 30
0.0
 40
3.6
  1
463 OVERALL
 72
1
 11
1581.5
 21
717.0
 31
0.0
100
AcDbText
 73
2
1001
HANOK_PORTRAIT_DL
1000
{"text_align":"center","kind":"dim","detail":null,"view":"assembly"}
  0
LINE
  5
150
330
17
100
AcDbEntity
  8
DIMENSIONS
100
AcDbLine
 10
1813.0
 20
100.0
 30
0.0
 11
1851.0
 21
100.0
 31
0.0
1001
HANOK_PORTRAIT_DL
1000
{"kind":"dim","detail":null,"view":"assembly"}
  0
LINE
  5
151
330
17
100
AcDbEntity
  8
DIMENSIONS
100
AcDbLine
 10
1813.0
 20
686.0
 30
0.0
 11
1851.0
 21
686.0
 31
0.0
1001
HANOK_PORTRAIT_DL
1000
{"kind":"dim","detail":null,"view":"assembly"}
  0
LINE
  5
152
330
17
100
AcDbEntity
  8
DIMENSIONS
100
AcDbLine
 10
1849.0
 20
100.0
 30
0.0
 11
1849.0
 21
686.0
 31
0.0
1001
HANOK_PORTRAIT_DL
1000
{"kind":"dim","detail":null,"view":"assembly"}
  0
LINE
  5
153
330
17
100
AcDbEntity
  8
DIMENSIONS
100
AcDbLine
 10
1849.0
 20
100.0
 30
0.0
 11
1847.5
 21
103.0
 31
0.0
1001
HANOK_PORTRAIT_DL
1000
{"kind":"dim","detail":null,"view":"assembly"}
  0
LINE
  5
154
330
17
100
AcDbEntity
  8
DIMENSIONS
100
AcDbLine
 10
1849.0
 20
100.0
 30
0.0
 11
1850.5
 21
103.0
 31
0.0
1001
HANOK_PORTRAIT_DL
1000
{"kind":"dim","detail":null,"view":"assembly"}
  0
LINE
  5
155
330
17
100
AcDbEntity
  8
DIMENSIONS
100
AcDbLine
 10
1849.0
 20
686.0
 30
0.0
 11
1847.5
 21
683.0
 31
0.0
1001
HANOK_PORTRAIT_DL
1000
{"kind":"dim","detail":null,"view":"assembly"}
  0
LINE
  5
156
330
17
100
AcDbEntity
  8
DIMENSIONS
100
AcDbLine
 10
1849.0
 20
686.0
 30
0.0
 11
1850.5
 21
683.0
 31
0.0
1001
HANOK_PORTRAIT_DL
1000
{"kind":"dim","detail":null,"view":"assembly"}
  0
TEXT
  5
157
330
17
100
AcDbEntity
  8
DIMENSIONS
100
AcDbText
 10
1853.0
 20
393.0
 30
0.0
 40
3.6
  1
586 OVERALL
 50
90.0
 72
1
 11
1853.0
 21
393.0
 31
0.0
100
AcDbText
 73
2
1001
HANOK_PORTRAIT_DL
1000
{"text_align":"center","kind":"dim","detail":null,"view":"assembly"}
  0
LINE
  5
158
330
17
100
AcDbEntity
  8
DIMENSIONS
100
AcDbLine
 10
1390.0
 20
140.0
 30
0.0
 11
1390.0
 21
26.0
 31
0.0
1001
HANOK_PORTRAIT_DL
1000
{"kind":"dim","detail":null,"view":"assembly"}
  0
LINE
  5
159
330
17
100
AcDbEntity
  8
DIMENSIONS
100
AcDbLine
 10
1773.0
 20
140.0
 30
0.0
 11
1773.0
 21
26.0
 31
0.0
1001
HANOK_PORTRAIT_DL
1000
{"kind":"dim","detail":null,"view":"assembly"}
  0
LINE
  5
15A
330
17
100
AcDbEntity
  8
DIMENSIONS
100
AcDbLine
 10
1390.0
 20
28.0
 30
0.0
 11
1773.0
 21
28.0
 31
0.0
1001
HANOK_PORTRAIT_DL
1000
{"kind":"dim","detail":null,"view":"assembly"}
  0
LINE
  5
15B
330
17
100
AcDbEntity
  8
DIMENSIONS
100
AcDbLine
 10
1390.0
 20
28.0
 30
0.0
 11
1393.0
 21
29.5
 31
0.0
1001
HANOK_PORTRAIT_DL
1000
{"kind":"dim","detail":null,"view":"assembly"}
  0
LINE
  5
15C
330
17
100
AcDbEntity
  8
DIMENSIONS
100
AcDbLine
 10
1390.0
 20
28.0
 30
0.0
 11
1393.0
 21
26.5
 31
0.0
1001
HANOK_PORTRAIT_DL
1000
{"kind":"dim","detail":null,"view":"assembly"}
  0
LINE
  5
15D
330
17
100
AcDbEntity
  8
DIMENSIONS
100
AcDbLine
 10
1773.0
 20
28.0
 30
0.0
 11
1770.0
 21
29.5
 31
0.0
1001
HANOK_PORTRAIT_DL
1000
{"kind":"dim","detail":null,"view":"assembly"}
  0
LINE
  5
15E
330
17
100
AcDbEntity
  8
DIMENSIONS
100
AcDbLine
 10
1773.0
 20
28.0
 30
0.0
 11
1770.0
 21
26.5
 31
0.0
1001
HANOK_PORTRAIT_DL
1000
{"kind":"dim","detail":null,"view":"assembly"}
  0
TEXT
  5
15F
330
17
100
AcDbEntity
  8
DIMENSIONS
100
AcDbText
 10
1581.5
 20
32.0
 30
0.0
 40
3.6
  1
383 FRAME INNER (INPUT)
 72
1
 11
1581.5
 21
32.0
 31
0.0
100
AcDbText
 73
2
1001
HANOK_PORTRAIT_DL
1000
{"text_align":"center","kind":"dim","detail":null,"view":"assembly"}
  0
LINE
  5
160
330
17
100
AcDbEntity
  8
DIMENSIONS
100
AcDbLine
 10
1390.0
 20
140.0
 30
0.0
 11
1290.0
 21
140.0
 31
0.0
1001
HANOK_PORTRAIT_DL
1000
{"kind":"dim","detail":null,"view":"assembly"}
  0
LINE
  5
161
330
17
100
AcDbEntity
  8
DIMENSIONS
100
AcDbLine
 10
1390.0
 20
646.0
 30
0.0
 11
1290.0
 21
646.0
 31
0.0
1001
HANOK_PORTRAIT_DL
1000
{"kind":"dim","detail":null,"view":"assembly"}
  0
LINE
  5
162
330
17
100
AcDbEntity
  8
DIMENSIONS
100
AcDbLine
 10
1292.0
 20
140.0
 30
0.0
 11
1292.0
 21
646.0
 31
0.0
1001
HANOK_PORTRAIT_DL
1000
{"kind":"dim","detail":null,"view":"assembly"}
  0
LINE
  5
163
330
17
100
AcDbEntity
  8
DIMENSIONS
100
AcDbLine
 10
1292.0
 20
140.0
 30
0.0
 11
1290.5
 21
143.0
 31
0.0
1001
HANOK_PORTRAIT_DL
1000
{"kind":"dim","detail":null,"view":"assembly"}
  0
LINE
  5
164
330
17
100
AcDbEntity
  8
DIMENSIONS
100
AcDbLine
 10
1292.0
 20
140.0
 30
0.0
 11
1293.5
 21
143.0
 31
0.0
1001
HANOK_PORTRAIT_DL
1000
{"kind":"dim","detail":null,"view":"assembly"}
  0
LINE
  5
165
330
17
100
AcDbEntity
  8
DIMENSIONS
100
AcDbLine
 10
1292.0
 20
646.0
 30
0.0
 11
1290.5
 21
643.0
 31
0.0
1001
HANOK_PORTRAIT_DL
1000
{"kind":"dim","detail":null,"view":"assembly"}
  0
LINE
  5
166
330
17
100
AcDbEntity
  8
DIMENSIONS
100
AcDbLine
 10
1292.0
 20
646.0
 30
0.0
 11
1293.5
 21
643.0
 31
0.0
1001
HANOK_PORTRAIT_DL
1000
{"kind":"dim","detail":null,"view":"assembly"}
  0
TEXT
  5
167
330
17
100
AcDbEntity
  8
DIMENSIONS
100
AcDbText
 10
1296.0
 20
393.0
 30
0.0
 40
3.6
  1
506 FRAME INNER (INPUT)
 50
90.0
 72
1
 11
1296.0
 21
393.0
 31
0.0
100
AcDbText
 73
2
1001
HANOK_PORTRAIT_DL
1000
{"text_align":"center","kind":"dim","detail":null,"view":"assembly"}
  0
LINE
  5
168
330
17
100
AcDbEntity
  8
DIMENSIONS
100
AcDbLine
 10
1393.0
 20
143.0
 30
0.0
 11
1393.0
 21
80.0
 31
0.0
1001
HANOK_PORTRAIT_DL
1000
{"kind":"dim","detail":null,"view":"assembly"}
  0
LINE
  5
169
330
17
100
AcDbEntity
  8
DIMENSIONS
100
AcDbLine
 10
1580.0
 20
143.0
 30
0.0
 11
1580.0
 21
80.0
 31
0.0
1001
HANOK_PORTRAIT_DL
1000
{"kind":"dim","detail":null,"view":"assembly"}
  0
LINE
  5
16A
330
17
100
AcDbEntity
  8
DIMENSIONS
100
AcDbLine
 10
1393.0
 20
82.0
 30
0.0
 11
1580.0
 21
82.0
 31
0.0
1001
HANOK_PORTRAIT_DL
1000
{"kind":"dim","detail":null,"view":"assembly"}
  0
LINE
  5
16B
330
17
100
AcDbEntity
  8
DIMENSIONS
100
AcDbLine
 10
1393.0
 20
82.0
 30
0.0
 11
1396.0
 21
83.5
 31
0.0
1001
HANOK_PORTRAIT_DL
1000
{"kind":"dim","detail":null,"view":"assembly"}
  0
LINE
  5
16C
330
17
100
AcDbEntity
  8
DIMENSIONS
100
AcDbLine
 10
1393.0
 20
82.0
 30
0.0
 11
1396.0
 21
80.5
 31
0.0
1001
HANOK_PORTRAIT_DL
1000
{"kind":"dim","detail":null,"view":"assembly"}
  0
LINE
  5
16D
330
17
100
AcDbEntity
  8
DIMENSIONS
100
AcDbLine
 10
1580.0
 20
82.0
 30
0.0
 11
1577.0
 21
83.5
 31
0.0
1001
HANOK_PORTRAIT_DL
1000
{"kind":"dim","detail":null,"view":"assembly"}
  0
LINE
  5
16E
330
17
100
AcDbEntity
  8
DIMENSIONS
100
AcDbLine
 10
1580.0
 20
82.0
 30
0.0
 11
1577.0
 21
80.5
 31
0.0
1001
HANOK_PORTRAIT_DL
1000
{"kind":"dim","detail":null,"view":"assembly"}
  0
TEXT
  5
16F
330
17
100
AcDbEntity
  8
DIMENSIONS
100
AcDbText
 10
1486.5
 20
86.0
 30
0.0
 40
3.6
  1
187 LEFT LEAF
 72
1
 11
1486.5
 21
86.0
 31
0.0
100
AcDbText
 73
2
1001
HANOK_PORTRAIT_DL
1000
{"text_align":"center","kind":"dim","detail":null,"view":"assembly"}
  0
LINE
  5
170
330
17
100
AcDbEntity
  8
DIMENSIONS
100
AcDbLine
 10
1583.0
 20
143.0
 30
0.0
 11
1583.0
 21
80.0
 31
0.0
1001
HANOK_PORTRAIT_DL
1000
{"kind":"dim","detail":null,"view":"assembly"}
  0
LINE
  5
171
330
17
100
AcDbEntity
  8
DIMENSIONS
100
AcDbLine
 10
1770.0
 20
143.0
 30
0.0
 11
1770.0
 21
80.0
 31
0.0
1001
HANOK_PORTRAIT_DL
1000
{"kind":"dim","detail":null,"view":"assembly"}
  0
LINE
  5
172
330
17
100
AcDbEntity
  8
DIMENSIONS
100
AcDbLine
 10
1583.0
 20
82.0
 30
0.0
 11
1770.0
 21
82.0
 31
0.0
1001
HANOK_PORTRAIT_DL
1000
{"kind":"dim","detail":null,"view":"assembly"}
  0
LINE
  5
173
330
17
100
AcDbEntity
  8
DIMENSIONS
100
AcDbLine
 10
1583.0
 20
82.0
 30
0.0
 11
1586.0
 21
83.5
 31
0.0
1001
HANOK_PORTRAIT_DL
1000
{"kind":"dim","detail":null,"view":"assembly"}
  0
LINE
  5
174
330
17
100
AcDbEntity
  8
DIMENSIONS
100
AcDbLine
 10
1583.0
 20
82.0
 30
0.0
 11
1586.0
 21
80.5
 31
0.0
1001
HANOK_PORTRAIT_DL
1000
{"kind":"dim","detail":null,"view":"assembly"}
  0
LINE
  5
175
330
17
100
AcDbEntity
  8
DIMENSIONS
100
AcDbLine
 10
1770.0
 20
82.0
 30
0.0
 11
1767.0
 21
83.5
 31
0.0
1001
HANOK_PORTRAIT_DL
1000
{"kind":"dim","detail":null,"view":"assembly"}
  0
LINE
  5
176
330
17
100
AcDbEntity
  8
DIMENSIONS
100
AcDbLine
 10
1770.0
 20
82.0
 30
0.0
 11
1767.0
 21
80.5
 31
0.0
1001
HANOK_PORTRAIT_DL
1000
{"kind":"dim","detail":null,"view":"assembly"}
  0
TEXT
  5
177
330
17
100
AcDbEntity
  8
DIMENSIONS
100
AcDbText
 10
1676.5
 20
86.0
 30
0.0
 40
3.6
  1
187 RIGHT LEAF
 72
1
 11
1676.5
 21
86.0
 31
0.0
100
AcDbText
 73
2
1001
HANOK_PORTRAIT_DL
1000
{"text_align":"center","kind":"dim","detail":null,"view":"assembly"}
  0
LINE
  5
178
330
17
100
AcDbEntity
  8
DIMENSIONS
100
AcDbLine
 10
1350.0
 20
143.0
 30
0.0
 11
1319.0
 21
143.0
 31
0.0
1001
HANOK_PORTRAIT_DL
1000
{"kind":"dim","detail":null,"view":"assembly"}
  0
LINE
  5
179
330
17
100
AcDbEntity
  8
DIMENSIONS
100
AcDbLine
 10
1350.0
 20
643.0
 30
0.0
 11
1319.0
 21
643.0
 31
0.0
1001
HANOK_PORTRAIT_DL
1000
{"kind":"dim","detail":null,"view":"assembly"}
  0
LINE
  5
17A
330
17
100
AcDbEntity
  8
DIMENSIONS
100
AcDbLine
 10
1321.0
 20
143.0
 30
0.0
 11
1321.0
 21
643.0
 31
0.0
1001
HANOK_PORTRAIT_DL
1000
{"kind":"dim","detail":null,"view":"assembly"}
  0
LINE
  5
17B
330
17
100
AcDbEntity
  8
DIMENSIONS
100
AcDbLine
 10
1321.0
 20
143.0
 30
0.0
 11
1319.5
 21
146.0
 31
0.0
1001
HANOK_PORTRAIT_DL
1000
{"kind":"dim","detail":null,"view":"assembly"}
  0
LINE
  5
17C
330
17
100
AcDbEntity
  8
DIMENSIONS
100
AcDbLine
 10
1321.0
 20
143.0
 30
0.0
 11
1322.5
 21
146.0
 31
0.0
1001
HANOK_PORTRAIT_DL
1000
{"kind":"dim","detail":null,"view":"assembly"}
  0
LINE
  5
17D
330
17
100
AcDbEntity
  8
DIMENSIONS
100
AcDbLine
 10
1321.0
 20
643.0
 30
0.0
 11
1319.5
 21
640.0
 31
0.0
1001
HANOK_PORTRAIT_DL
1000
{"kind":"dim","detail":null,"view":"assembly"}
  0
LINE
  5
17E
330
17
100
AcDbEntity
  8
DIMENSIONS
100
AcDbLine
 10
1321.0
 20
643.0
 30
0.0
 11
1322.5
 21
640.0
 31
0.0
1001
HANOK_PORTRAIT_DL
1000
{"kind":"dim","detail":null,"view":"assembly"}
  0
TEXT
  5
17F
330
17
100
AcDbEntity
  8
DIMENSIONS
100
AcDbText
 10
1325.0
 20
393.0
 30
0.0
 40
3.6
  1
500 LEAF
 50
90.0
 72
1
 11
1325.0
 21
393.0
 31
0.0
100
AcDbText
 73
2
1001
HANOK_PORTRAIT_DL
1000
{"text_align":"center","kind":"dim","detail":null,"view":"assembly"}
  0
LINE
  5
180
330
17
100
AcDbEntity
  8
DIMENSIONS
100
AcDbLine
 10
1423.0
 20
613.0
 30
0.0
 11
1423.0
 21
666.0
 31
0.0
1001
HANOK_PORTRAIT_DL
1000
{"kind":"dim","detail":null,"view":"assembly"}
  0
LINE
  5
181
330
17
100
AcDbEntity
  8
DIMENSIONS
100
AcDbLine
 10
1550.0
 20
613.0
 30
0.0
 11
1550.0
 21
666.0
 31
0.0
1001
HANOK_PORTRAIT_DL
1000
{"kind":"dim","detail":null,"view":"assembly"}
  0
LINE
  5
182
330
17
100
AcDbEntity
  8
DIMENSIONS
100
AcDbLine
 10
1423.0
 20
664.0
 30
0.0
 11
1550.0
 21
664.0
 31
0.0
1001
HANOK_PORTRAIT_DL
1000
{"kind":"dim","detail":null,"view":"assembly"}
  0
LINE
  5
183
330
17
100
AcDbEntity
  8
DIMENSIONS
100
AcDbLine
 10
1423.0
 20
664.0
 30
0.0
 11
1426.0
 21
665.5
 31
0.0
1001
HANOK_PORTRAIT_DL
1000
{"kind":"dim","detail":null,"view":"assembly"}
  0
LINE
  5
184
330
17
100
AcDbEntity
  8
DIMENSIONS
100
AcDbLine
 10
1423.0
 20
664.0
 30
0.0
 11
1426.0
 21
662.5
 31
0.0
1001
HANOK_PORTRAIT_DL
1000
{"kind":"dim","detail":null,"view":"assembly"}
  0
LINE
  5
185
330
17
100
AcDbEntity
  8
DIMENSIONS
100
AcDbLine
 10
1550.0
 20
664.0
 30
0.0
 11
1547.0
 21
665.5
 31
0.0
1001
HANOK_PORTRAIT_DL
1000
{"kind":"dim","detail":null,"view":"assembly"}
  0
LINE
  5
186
330
17
100
AcDbEntity
  8
DIMENSIONS
100
AcDbLine
 10
1550.0
 20
664.0
 30
0.0
 11
1547.0
 21
662.5
 31
0.0
1001
HANOK_PORTRAIT_DL
1000
{"kind":"dim","detail":null,"view":"assembly"}
  0
TEXT
  5
187
330
17
100
AcDbEntity
  8
DIMENSIONS
100
AcDbText
 10
1486.5
 20
668.0
 30
0.0
 40
3.6
  1
127 OPENING
 72
1
 11
1486.5
 21
668.0
 31
0.0
100
AcDbText
 73
2
1001
HANOK_PORTRAIT_DL
1000
{"text_align":"center","kind":"dim","detail":null,"view":"assembly"}
  0
LINE
  5
188
330
17
100
AcDbEntity
  8
DIMENSIONS
100
AcDbLine
 10
1613.0
 20
613.0
 30
0.0
 11
1613.0
 21
666.0
 31
0.0
1001
HANOK_PORTRAIT_DL
1000
{"kind":"dim","detail":null,"view":"assembly"}
  0
LINE
  5
189
330
17
100
AcDbEntity
  8
DIMENSIONS
100
AcDbLine
 10
1740.0
 20
613.0
 30
0.0
 11
1740.0
 21
666.0
 31
0.0
1001
HANOK_PORTRAIT_DL
1000
{"kind":"dim","detail":null,"view":"assembly"}
  0
LINE
  5
18A
330
17
100
AcDbEntity
  8
DIMENSIONS
100
AcDbLine
 10
1613.0
 20
664.0
 30
0.0
 11
1740.0
 21
664.0
 31
0.0
1001
HANOK_PORTRAIT_DL
1000
{"kind":"dim","detail":null,"view":"assembly"}
  0
LINE
  5
18B
330
17
100
AcDbEntity
  8
DIMENSIONS
100
AcDbLine
 10
1613.0
 20
664.0
 30
0.0
 11
1616.0
 21
665.5
 31
0.0
1001
HANOK_PORTRAIT_DL
1000
{"kind":"dim","detail":null,"view":"assembly"}
  0
LINE
  5
18C
330
17
100
AcDbEntity
  8
DIMENSIONS
100
AcDbLine
 10
1613.0
 20
664.0
 30
0.0
 11
1616.0
 21
662.5
 31
0.0
1001
HANOK_PORTRAIT_DL
1000
{"kind":"dim","detail":null,"view":"assembly"}
  0
LINE
  5
18D
330
17
100
AcDbEntity
  8
DIMENSIONS
100
AcDbLine
 10
1740.0
 20
664.0
 30
0.0
 11
1737.0
 21
665.5
 31
0.0
1001
HANOK_PORTRAIT_DL
1000
{"kind":"dim","detail":null,"view":"assembly"}
  0
LINE
  5
18E
330
17
100
AcDbEntity
  8
DIMENSIONS
100
AcDbLine
 10
1740.0
 20
664.0
 30
0.0
 11
1737.0
 21
662.5
 31
0.0
1001
HANOK_PORTRAIT_DL
1000
{"kind":"dim","detail":null,"view":"assembly"}
  0
TEXT
  5
18F
330
17
100
AcDbEntity
  8
DIMENSIONS
100
AcDbText
 10
1676.5
 20
668.0
 30
0.0
 40
3.6
  1
127 OPENING
 72
1
 11
1676.5
 21
668.0
 31
0.0
100
AcDbText
 73
2
1001
HANOK_PORTRAIT_DL
1000
{"text_align":"center","kind":"dim","detail":null,"view":"assembly"}
  0
LINE
  5
190
330
17
100
AcDbEntity
  8
DIMENSIONS
100
AcDbLine
 10
1740.0
 20
173.0
 30
0.0
 11
1794.0
 21
173.0
 31
0.0
1001
HANOK_PORTRAIT_DL
1000
{"kind":"dim","detail":null,"view":"assembly"}
  0
LINE
  5
191
330
17
100
AcDbEntity
  8
DIMENSIONS
100
AcDbLine
 10
1740.0
 20
613.0
 30
0.0
 11
1794.0
 21
613.0
 31
0.0
1001
HANOK_PORTRAIT_DL
1000
{"kind":"dim","detail":null,"view":"assembly"}
  0
LINE
  5
192
330
17
100
AcDbEntity
  8
DIMENSIONS
100
AcDbLine
 10
1792.0
 20
173.0
 30
0.0
 11
1792.0
 21
613.0
 31
0.0
1001
HANOK_PORTRAIT_DL
1000
{"kind":"dim","detail":null,"view":"assembly"}
  0
LINE
  5
193
330
17
100
AcDbEntity
  8
DIMENSIONS
100
AcDbLine
 10
1792.0
 20
173.0
 30
0.0
 11
1790.5
 21
176.0
 31
0.0
1001
HANOK_PORTRAIT_DL
1000
{"kind":"dim","detail":null,"view":"assembly"}
  0
LINE
  5
194
330
17
100
AcDbEntity
  8
DIMENSIONS
100
AcDbLine
 10
1792.0
 20
173.0
 30
0.0
 11
1793.5
 21
176.0
 31
0.0
1001
HANOK_PORTRAIT_DL
1000
{"kind":"dim","detail":null,"view":"assembly"}
  0
LINE
  5
195
330
17
100
AcDbEntity
  8
DIMENSIONS
100
AcDbLine
 10
1792.0
 20
613.0
 30
0.0
 11
1790.5
 21
610.0
 31
0.0
1001
HANOK_PORTRAIT_DL
1000
{"kind":"dim","detail":null,"view":"assembly"}
  0
LINE
  5
196
330
17
100
AcDbEntity
  8
DIMENSIONS
100
AcDbLine
 10
1792.0
 20
613.0
 30
0.0
 11
1793.5
 21
610.0
 31
0.0
1001
HANOK_PORTRAIT_DL
1000
{"kind":"dim","detail":null,"view":"assembly"}
  0
TEXT
  5
197
330
17
100
AcDbEntity
  8
DIMENSIONS
100
AcDbText
 10
1796.0
 20
393.0
 30
0.0
 40
3.6
  1
440 OPENING
 50
90.0
 72
1
 11
1796.0
 21
393.0
 31
0.0
100
AcDbText
 73
2
1001
HANOK_PORTRAIT_DL
1000
{"text_align":"center","kind":"dim","detail":null,"view":"assembly"}
  0
TEXT
  5
198
330
17
100
AcDbEntity
  8
ASSEMBLY_REFERENCE
100
AcDbText
 10
1581.5
 20
197.0
 30
0.0
 40
6.0
  1
PICTURE 297 x 420
 72
1
 11
1581.5
 21
197.0
 31
0.0
100
AcDbText
 73
2
1001
HANOK_PORTRAIT_DL
1000
{"text_align":"center","view":"assembly","role":"picture_label"}
  0
TEXT
  5
199
330
17
100
AcDbEntity
  8
ASSEMBLY_REFERENCE
100
AcDbText
 10
1486.5
 20
626.0
 30
0.0
 40
4.0
  1
LEFT / 187 x 500
 72
1
 11
1486.5
 21
626.0
 31
0.0
100
AcDbText
 73
2
1001
HANOK_PORTRAIT_DL
1000
{"text_align":"center","view":"assembly"}
  0
TEXT
  5
19A
330
17
100
AcDbEntity
  8
ASSEMBLY_REFERENCE
100
AcDbText
 10
1676.5
 20
626.0
 30
0.0
 40
4.0
  1
RIGHT / 187 x 500
 72
1
 11
1676.5
 21
626.0
 31
0.0
100
AcDbText
 73
2
1001
HANOK_PORTRAIT_DL
1000
{"text_align":"center","view":"assembly"}
  0
TEXT
  5
19B
330
17
100
AcDbEntity
  8
ASSEMBLY_REFERENCE
100
AcDbText
 10
1370.0
 20
439.88
 30
0.0
 40
3.6
  1
F01-1
 50
90.0
 72
1
 11
1370.0
 21
439.88
 31
0.0
100
AcDbText
 73
2
1001
HANOK_PORTRAIT_DL
1000
{"text_align":"center","view":"assembly"}
  0
TEXT
  5
19C
330
17
100
AcDbEntity
  8
ASSEMBLY_REFERENCE
100
AcDbText
 10
1793.0
 20
439.88
 30
0.0
 40
3.6
  1
F01-2
 50
90.0
 72
1
 11
1793.0
 21
439.88
 31
0.0
100
AcDbText
 73
2
1001
HANOK_PORTRAIT_DL
1000
{"text_align":"center","view":"assembly"}
  0
TEXT
  5
19D
330
17
100
AcDbEntity
  8
ASSEMBLY_REFERENCE
100
AcDbText
 10
1581.5
 20
120.0
 30
0.0
 40
3.5
  1
F02-1
 72
1
 11
1581.5
 21
120.0
 31
0.0
100
AcDbText
 73
2
1001
HANOK_PORTRAIT_DL
1000
{"text_align":"center","view":"assembly"}
  0
TEXT
  5
19E
330
17
100
AcDbEntity
  8
ASSEMBLY_REFERENCE
100
AcDbText
 10
1581.5
 20
666.0
 30
0.0
 40
3.5
  1
F02-2
 72
1
 11
1581.5
 21
666.0
 31
0.0
100
AcDbText
 73
2
1001
HANOK_PORTRAIT_DL
1000
{"text_align":"center","view":"assembly"}
  0
TEXT
  5
19F
330
17
100
AcDbEntity
  8
ASSEMBLY_REFERENCE
100
AcDbText
 10
1408.0
 20
439.88
 30
0.0
 40
3.6
  1
S01-1
 50
90.0
 72
1
 11
1408.0
 21
439.88
 31
0.0
100
AcDbText
 73
2
1001
HANOK_PORTRAIT_DL
1000
{"text_align":"center","view":"assembly"}
  0
TEXT
  5
1A0
330
17
100
AcDbEntity
  8
ASSEMBLY_REFERENCE
100
AcDbText
 10
1565.0
 20
439.88
 30
0.0
 40
3.6
  1
S01-2
 50
90.0
 72
1
 11
1565.0
 21
439.88
 31
0.0
100
AcDbText
 73
2
1001
HANOK_PORTRAIT_DL
1000
{"text_align":"center","view":"assembly"}
  0
TEXT
  5
1A1
330
17
100
AcDbEntity
  8
ASSEMBLY_REFERENCE
100
AcDbText
 10
1598.0
 20
439.88
 30
0.0
 40
3.6
  1
S01-3
 50
90.0
 72
1
 11
1598.0
 21
439.88
 31
0.0
100
AcDbText
 73
2
1001
HANOK_PORTRAIT_DL
1000
{"text_align":"center","view":"assembly"}
  0
TEXT
  5
1A2
330
17
100
AcDbEntity
  8
ASSEMBLY_REFERENCE
100
AcDbText
 10
1755.0
 20
439.88
 30
0.0
 40
3.6
  1
S01-4
 50
90.0
 72
1
 11
1755.0
 21
439.88
 31
0.0
100
AcDbText
 73
2
1001
HANOK_PORTRAIT_DL
1000
{"text_align":"center","view":"assembly"}
  0
TEXT
  5
1A3
330
17
100
AcDbEntity
  8
ASSEMBLY_REFERENCE
100
AcDbText
 10
1486.5
 20
158.0
 30
0.0
 40
3.5
  1
S02-1
 72
1
 11
1486.5
 21
158.0
 31
0.0
100
AcDbText
 73
2
1001
HANOK_PORTRAIT_DL
1000
{"text_align":"center","view":"assembly"}
  0
TEXT
  5
1A4
330
17
100
AcDbEntity
  8
ASSEMBLY_REFERENCE
100
AcDbText
 10
1676.5
 20
158.0
 30
0.0
 40
3.5
  1
S02-3
 72
1
 11
1676.5
 21
158.0
 31
0.0
100
AcDbText
 73
2
1001
HANOK_PORTRAIT_DL
1000
{"text_align":"center","view":"assembly"}
  0
TEXT
  5
1A5
330
17
100
AcDbEntity
  8
NOTES
100
AcDbText
 10
1581.5
 20
61.0
 30
0.0
 40
4.7
  1
3 mm centre gap / 3 mm external clearances
 72
1
 11
1581.5
 21
61.0
 31
0.0
100
AcDbText
 73
2
1001
HANOK_PORTRAIT_DL
1000
{"text_align":"center","view":"assembly"}
  0
TEXT
  5
1A6
330
17
100
AcDbEntity
  8
NOTES
100
AcDbText
 10
1581.5
 20
47.0
 30
0.0
 40
3.8
  1
Fixed rear picture region 317 x 440; leaf members obscure the closed front.
 72
1
 11
1581.5
 21
47.0
 31
0.0
100
AcDbText
 73
2
1001
HANOK_PORTRAIT_DL
1000
{"text_align":"center","view":"assembly"}
  0
LWPOLYLINE
  5
1A7
330
17
100
AcDbEntity
  8
HINGE_REF
100
AcDbPolyline
 90
4
 70
1
 10
523.0
 20
58.0
 10
483.0
 20
58.0
 10
483.0
 20
44.0
 10
523.0
 20
44.0
1001
HANOK_PORTRAIT_DL
1000
{"kind":"hardware_ref","view":"nest","hardware_id":"H-LEFT-1","part_id":"F01-1","hardware_type":"HINGE","wing":"FIXED","depth_ref_mm":2,"reference_only":true,"production_machining":false,"assembly_face":"FRONT","position_only":true}
  0
LWPOLYLINE
  5
1A8
330
17
100
AcDbEntity
  8
HINGE_REF
100
AcDbPolyline
 90
4
 70
1
 10
1388.0
 20
183.0
 10
1388.0
 20
223.0
 10
1374.0
 20
223.0
 10
1374.0
 20
183.0
1001
HANOK_PORTRAIT_DL
1000
{"kind":"hardware_ref","view":"assembly","hardware_id":"H-LEFT-1","part_id":"F01-1","hardware_type":"HINGE","wing":"FIXED","depth_ref_mm":2,"reference_only":true,"production_machining":false,"assembly_face":"FRONT","position_only":true}
  0
LWPOLYLINE
  5
1A9
330
17
100
AcDbEntity
  8
HINGE_REF
100
AcDbPolyline
 90
4
 70
1
 10
480.0
 20
140.0
 10
440.0
 20
140.0
 10
440.0
 20
126.0
 10
480.0
 20
126.0
1001
HANOK_PORTRAIT_DL
1000
{"kind":"hardware_ref","view":"nest","hardware_id":"H-LEFT-1","part_id":"S01-1","hardware_type":"HINGE","wing":"SASH","depth_ref_mm":2,"reference_only":true,"production_machining":false,"assembly_face":"FRONT","position_only":true}
  0
LWPOLYLINE
  5
1AA
330
17
100
AcDbEntity
  8
HINGE_REF
100
AcDbPolyline
 90
4
 70
1
 10
1409.0
 20
183.0
 10
1409.0
 20
223.0
 10
1395.0
 20
223.0
 10
1395.0
 20
183.0
1001
HANOK_PORTRAIT_DL
1000
{"kind":"hardware_ref","view":"assembly","hardware_id":"H-LEFT-1","part_id":"S01-1","hardware_type":"HINGE","wing":"SASH","depth_ref_mm":2,"reference_only":true,"production_machining":false,"assembly_face":"FRONT","position_only":true}
  0
LWPOLYLINE
  5
1AB
330
17
100
AcDbEntity
  8
HINGE_REF
100
AcDbPolyline
 90
4
 70
1
 10
143.0
 20
58.0
 10
103.0
 20
58.0
 10
103.0
 20
44.0
 10
143.0
 20
44.0
1001
HANOK_PORTRAIT_DL
1000
{"kind":"hardware_ref","view":"nest","hardware_id":"H-LEFT-2","part_id":"F01-1","hardware_type":"HINGE","wing":"FIXED","depth_ref_mm":2,"reference_only":true,"production_machining":false,"assembly_face":"FRONT","position_only":true}
  0
LWPOLYLINE
  5
1AC
330
17
100
AcDbEntity
  8
HINGE_REF
100
AcDbPolyline
 90
4
 70
1
 10
1388.0
 20
563.0
 10
1388.0
 20
603.0
 10
1374.0
 20
603.0
 10
1374.0
 20
563.0
1001
HANOK_PORTRAIT_DL
1000
{"kind":"hardware_ref","view":"assembly","hardware_id":"H-LEFT-2","part_id":"F01-1","hardware_type":"HINGE","wing":"FIXED","depth_ref_mm":2,"reference_only":true,"production_machining":false,"assembly_face":"FRONT","position_only":true}
  0
LWPOLYLINE
  5
1AD
330
17
100
AcDbEntity
  8
HINGE_REF
100
AcDbPolyline
 90
4
 70
1
 10
100.0
 20
140.0
 10
60.0
 20
140.0
 10
60.0
 20
126.0
 10
100.0
 20
126.0
1001
HANOK_PORTRAIT_DL
1000
{"kind":"hardware_ref","view":"nest","hardware_id":"H-LEFT-2","part_id":"S01-1","hardware_type":"HINGE","wing":"SASH","depth_ref_mm":2,"reference_only":true,"production_machining":false,"assembly_face":"FRONT","position_only":true}
  0
LWPOLYLINE
  5
1AE
330
17
100
AcDbEntity
  8
HINGE_REF
100
AcDbPolyline
 90
4
 70
1
 10
1409.0
 20
563.0
 10
1409.0
 20
603.0
 10
1395.0
 20
603.0
 10
1395.0
 20
563.0
1001
HANOK_PORTRAIT_DL
1000
{"kind":"hardware_ref","view":"assembly","hardware_id":"H-LEFT-2","part_id":"S01-1","hardware_type":"HINGE","wing":"SASH","depth_ref_mm":2,"reference_only":true,"production_machining":false,"assembly_face":"FRONT","position_only":true}
  0
LWPOLYLINE
  5
1AF
330
17
100
AcDbEntity
  8
HINGE_REF
100
AcDbPolyline
 90
4
 70
1
 10
103.0
 20
96.0
 10
143.0
 20
96.0
 10
143.0
 20
110.0
 10
103.0
 20
110.0
1001
HANOK_PORTRAIT_DL
1000
{"kind":"hardware_ref","view":"nest","hardware_id":"H-RIGHT-1","part_id":"F01-2","hardware_type":"HINGE","wing":"FIXED","depth_ref_mm":2,"reference_only":true,"production_machining":false,"assembly_face":"FRONT","position_only":true}
  0
LWPOLYLINE
  5
1B0
330
17
100
AcDbEntity
  8
HINGE_REF
100
AcDbPolyline
 90
4
 70
1
 10
1789.0
 20
183.0
 10
1789.0
 20
223.0
 10
1775.0
 20
223.0
 10
1775.0
 20
183.0
1001
HANOK_PORTRAIT_DL
1000
{"kind":"hardware_ref","view":"assembly","hardware_id":"H-RIGHT-1","part_id":"F01-2","hardware_type":"HINGE","wing":"FIXED","depth_ref_mm":2,"reference_only":true,"production_machining":false,"assembly_face":"FRONT","position_only":true}
  0
LWPOLYLINE
  5
1B1
330
17
100
AcDbEntity
  8
HINGE_REF
100
AcDbPolyline
 90
4
 70
1
 10
572.0
 20
168.0
 10
612.0
 20
168.0
 10
612.0
 20
182.0
 10
572.0
 20
182.0
1001
HANOK_PORTRAIT_DL
1000
{"kind":"hardware_ref","view":"nest","hardware_id":"H-RIGHT-1","part_id":"S01-4","hardware_type":"HINGE","wing":"SASH","depth_ref_mm":2,"reference_only":true,"production_machining":false,"assembly_face":"FRONT","position_only":true}
  0
LWPOLYLINE
  5
1B2
330
17
100
AcDbEntity
  8
HINGE_REF
100
AcDbPolyline
 90
4
 70
1
 10
1768.0
 20
183.0
 10
1768.0
 20
223.0
 10
1754.0
 20
223.0
 10
1754.0
 20
183.0
1001
HANOK_PORTRAIT_DL
1000
{"kind":"hardware_ref","view":"assembly","hardware_id":"H-RIGHT-1","part_id":"S01-4","hardware_type":"HINGE","wing":"SASH","depth_ref_mm":2,"reference_only":true,"production_machining":false,"assembly_face":"FRONT","position_only":true}
  0
LWPOLYLINE
  5
1B3
330
17
100
AcDbEntity
  8
HINGE_REF
100
AcDbPolyline
 90
4
 70
1
 10
483.0
 20
96.0
 10
523.0
 20
96.0
 10
523.0
 20
110.0
 10
483.0
 20
110.0
1001
HANOK_PORTRAIT_DL
1000
{"kind":"hardware_ref","view":"nest","hardware_id":"H-RIGHT-2","part_id":"F01-2","hardware_type":"HINGE","wing":"FIXED","depth_ref_mm":2,"reference_only":true,"production_machining":false,"assembly_face":"FRONT","position_only":true}
  0
LWPOLYLINE
  5
1B4
330
17
100
AcDbEntity
  8
HINGE_REF
100
AcDbPolyline
 90
4
 70
1
 10
1789.0
 20
563.0
 10
1789.0
 20
603.0
 10
1775.0
 20
603.0
 10
1775.0
 20
563.0
1001
HANOK_PORTRAIT_DL
1000
{"kind":"hardware_ref","view":"assembly","hardware_id":"H-RIGHT-2","part_id":"F01-2","hardware_type":"HINGE","wing":"FIXED","depth_ref_mm":2,"reference_only":true,"production_machining":false,"assembly_face":"FRONT","position_only":true}
  0
LWPOLYLINE
  5
1B5
330
17
100
AcDbEntity
  8
HINGE_REF
100
AcDbPolyline
 90
4
 70
1
 10
952.0
 20
168.0
 10
992.0
 20
168.0
 10
992.0
 20
182.0
 10
952.0
 20
182.0
1001
HANOK_PORTRAIT_DL
1000
{"kind":"hardware_ref","view":"nest","hardware_id":"H-RIGHT-2","part_id":"S01-4","hardware_type":"HINGE","wing":"SASH","depth_ref_mm":2,"reference_only":true,"production_machining":false,"assembly_face":"FRONT","position_only":true}
  0
LWPOLYLINE
  5
1B6
330
17
100
AcDbEntity
  8
HINGE_REF
100
AcDbPolyline
 90
4
 70
1
 10
1768.0
 20
563.0
 10
1768.0
 20
603.0
 10
1754.0
 20
603.0
 10
1754.0
 20
563.0
1001
HANOK_PORTRAIT_DL
1000
{"kind":"hardware_ref","view":"assembly","hardware_id":"H-RIGHT-2","part_id":"S01-4","hardware_type":"HINGE","wing":"SASH","depth_ref_mm":2,"reference_only":true,"production_machining":false,"assembly_face":"FRONT","position_only":true}
  0
LWPOLYLINE
  5
1B7
330
17
100
AcDbEntity
  8
LATCH_REF
100
AcDbPolyline
 90
4
 70
1
 10
772.0
 20
134.0
 10
792.0
 20
134.0
 10
792.0
 20
144.0
 10
772.0
 20
144.0
1001
HANOK_PORTRAIT_DL
1000
{"kind":"hardware_ref","view":"nest","hardware_id":"HANDLE-1","part_id":"S01-2","hardware_type":"HANDLE","reference_only":true,"production_machining":false,"assembly_face":"FRONT","position_only":true}
  0
LWPOLYLINE
  5
1B8
330
17
100
AcDbEntity
  8
LATCH_REF
100
AcDbPolyline
 90
4
 70
1
 10
1570.0
 20
383.0
 10
1570.0
 20
403.0
 10
1560.0
 20
403.0
 10
1560.0
 20
383.0
1001
HANOK_PORTRAIT_DL
1000
{"kind":"hardware_ref","view":"assembly","hardware_id":"HANDLE-1","part_id":"S01-2","hardware_type":"HANDLE","reference_only":true,"production_machining":false,"assembly_face":"FRONT","position_only":true}
  0
LWPOLYLINE
  5
1B9
330
17
100
AcDbEntity
  8
LATCH_REF
100
AcDbPolyline
 90
4
 70
1
 10
280.0
 20
186.0
 10
260.0
 20
186.0
 10
260.0
 20
176.0
 10
280.0
 20
176.0
1001
HANOK_PORTRAIT_DL
1000
{"kind":"hardware_ref","view":"nest","hardware_id":"HANDLE-2","part_id":"S01-3","hardware_type":"HANDLE","reference_only":true,"production_machining":false,"assembly_face":"FRONT","position_only":true}
  0
LWPOLYLINE
  5
1BA
330
17
100
AcDbEntity
  8
LATCH_REF
100
AcDbPolyline
 90
4
 70
1
 10
1603.0
 20
383.0
 10
1603.0
 20
403.0
 10
1593.0
 20
403.0
 10
1593.0
 20
383.0
1001
HANOK_PORTRAIT_DL
1000
{"kind":"hardware_ref","view":"assembly","hardware_id":"HANDLE-2","part_id":"S01-3","hardware_type":"HANDLE","reference_only":true,"production_machining":false,"assembly_face":"FRONT","position_only":true}
  0
LWPOLYLINE
  5
1BB
330
17
100
AcDbEntity
  8
LATCH_REF
100
AcDbPolyline
 90
4
 70
1
 10
396.0
 20
225.0
 10
396.0
 20
215.0
 10
386.0
 20
215.0
 10
386.0
 20
225.0
1001
HANOK_PORTRAIT_DL
1000
{"kind":"hardware_ref","view":"nest","hardware_id":"CATCH-1","part_id":"S02-2","hardware_type":"CATCH","reference_only":true,"production_machining":false,"assembly_face":"FRONT","position_only":true}
  0
LWPOLYLINE
  5
1BC
330
17
100
AcDbEntity
  8
LATCH_REF
100
AcDbPolyline
 90
4
 70
1
 10
1570.0
 20
626.0
 10
1570.0
 20
636.0
 10
1560.0
 20
636.0
 10
1560.0
 20
626.0
1001
HANOK_PORTRAIT_DL
1000
{"kind":"hardware_ref","view":"assembly","hardware_id":"CATCH-1","part_id":"S02-2","hardware_type":"CATCH","reference_only":true,"production_machining":false,"assembly_face":"FRONT","position_only":true}
  0
LWPOLYLINE
  5
1BD
330
17
100
AcDbEntity
  8
LATCH_REF
100
AcDbPolyline
 90
4
 70
1
 10
838.0
 20
106.0
 10
838.0
 20
96.0
 10
828.0
 20
96.0
 10
828.0
 20
106.0
1001
HANOK_PORTRAIT_DL
1000
{"kind":"hardware_ref","view":"nest","hardware_id":"CATCH-1","part_id":"F02-2","hardware_type":"CATCH","reference_only":true,"production_machining":false,"assembly_face":"FRONT","position_only":true}
  0
LWPOLYLINE
  5
1BE
330
17
100
AcDbEntity
  8
LATCH_REF
100
AcDbPolyline
 90
4
 70
1
 10
1570.0
 20
652.0
 10
1570.0
 20
662.0
 10
1560.0
 20
662.0
 10
1560.0
 20
652.0
1001
HANOK_PORTRAIT_DL
1000
{"kind":"hardware_ref","view":"assembly","hardware_id":"CATCH-1","part_id":"F02-2","hardware_type":"CATCH","reference_only":true,"production_machining":false,"assembly_face":"FRONT","position_only":true}
  0
LWPOLYLINE
  5
1BF
330
17
100
AcDbEntity
  8
LATCH_REF
100
AcDbPolyline
 90
4
 70
1
 10
637.0
 20
225.0
 10
637.0
 20
215.0
 10
627.0
 20
215.0
 10
627.0
 20
225.0
1001
HANOK_PORTRAIT_DL
1000
{"kind":"hardware_ref","view":"nest","hardware_id":"CATCH-2","part_id":"S02-4","hardware_type":"CATCH","reference_only":true,"production_machining":false,"assembly_face":"FRONT","position_only":true}
  0
LWPOLYLINE
  5
1C0
330
17
100
AcDbEntity
  8
LATCH_REF
100
AcDbPolyline
 90
4
 70
1
 10
1603.0
 20
626.0
 10
1603.0
 20
636.0
 10
1593.0
 20
636.0
 10
1593.0
 20
626.0
1001
HANOK_PORTRAIT_DL
1000
{"kind":"hardware_ref","view":"assembly","hardware_id":"CATCH-2","part_id":"S02-4","hardware_type":"CATCH","reference_only":true,"production_machining":false,"assembly_face":"FRONT","position_only":true}
  0
LWPOLYLINE
  5
1C1
330
17
100
AcDbEntity
  8
LATCH_REF
100
AcDbPolyline
 90
4
 70
1
 10
871.0
 20
106.0
 10
871.0
 20
96.0
 10
861.0
 20
96.0
 10
861.0
 20
106.0
1001
HANOK_PORTRAIT_DL
1000
{"kind":"hardware_ref","view":"nest","hardware_id":"CATCH-2","part_id":"F02-2","hardware_type":"CATCH","reference_only":true,"production_machining":false,"assembly_face":"FRONT","position_only":true}
  0
LWPOLYLINE
  5
1C2
330
17
100
AcDbEntity
  8
LATCH_REF
100
AcDbPolyline
 90
4
 70
1
 10
1603.0
 20
652.0
 10
1603.0
 20
662.0
 10
1593.0
 20
662.0
 10
1593.0
 20
652.0
1001
HANOK_PORTRAIT_DL
1000
{"kind":"hardware_ref","view":"assembly","hardware_id":"CATCH-2","part_id":"F02-2","hardware_type":"CATCH","reference_only":true,"production_machining":false,"assembly_face":"FRONT","position_only":true}
  0
LINE
  5
1C3
330
17
100
AcDbEntity
  8
HINGE_REF
100
AcDbLine
 10
1391.5
 20
179.0
 30
0.0
 11
1391.5
 21
227.0
 31
0.0
1001
HANOK_PORTRAIT_DL
1000
{"view":"assembly","kind":"hinge_location_ref","reference_only":true}
  0
LINE
  5
1C4
330
17
100
AcDbEntity
  8
HINGE_REF
100
AcDbLine
 10
1391.5
 20
559.0
 30
0.0
 11
1391.5
 21
607.0
 31
0.0
1001
HANOK_PORTRAIT_DL
1000
{"view":"assembly","kind":"hinge_location_ref","reference_only":true}
  0
LINE
  5
1C5
330
17
100
AcDbEntity
  8
HINGE_REF
100
AcDbLine
 10
1771.5
 20
179.0
 30
0.0
 11
1771.5
 21
227.0
 31
0.0
1001
HANOK_PORTRAIT_DL
1000
{"view":"assembly","kind":"hinge_location_ref","reference_only":true}
  0
LINE
  5
1C6
330
17
100
AcDbEntity
  8
HINGE_REF
100
AcDbLine
 10
1771.5
 20
559.0
 30
0.0
 11
1771.5
 21
607.0
 31
0.0
1001
HANOK_PORTRAIT_DL
1000
{"view":"assembly","kind":"hinge_location_ref","reference_only":true}
  0
LWPOLYLINE
  5
1C7
330
17
100
AcDbEntity
  8
NOTES
100
AcDbPolyline
 90
4
 70
1
 10
1973.0
 20
520.0
 10
2213.0
 20
520.0
 10
2213.0
 20
710.0
 10
1973.0
 20
710.0
1001
HANOK_PORTRAIT_DL
1000
{"kind":"detail_border","detail":"J1","view":"detail","detail_part_kinds":["F01","F02"],"joint_type":"J1"}
  0
TEXT
  5
1C8
330
17
100
AcDbEntity
  8
NOTES
100
AcDbText
 10
1983.0
 20
698.0
 30
0.0
 40
7.0
  1
J1  FIXED FRAME HALF-LAP
 11
1983.0
 21
698.0
 31
0.0
100
AcDbText
 73
2
1001
HANOK_PORTRAIT_DL
1000
{"text_align":"left","detail":"J1","view":"detail","detail_part_kinds":["F01","F02"],"joint_type":"J1"}
  0
TEXT
  5
1C9
330
17
100
AcDbEntity
  8
NOTES
100
AcDbText
 10
1983.0
 20
684.0
 30
0.0
 40
4.7
  1
40 x 40 pocket / depth 10 / stock 20
 11
1983.0
 21
684.0
 31
0.0
100
AcDbText
 73
2
1001
HANOK_PORTRAIT_DL
1000
{"text_align":"left","detail":"J1","view":"detail","detail_part_kinds":["F01","F02"],"joint_type":"J1"}
  0
TEXT
  5
1CA
330
17
100
AcDbEntity
  8
NOTES
100
AcDbText
 10
1988.0
 20
668.0
 30
0.0
 40
4.0
  1
F01 / A -> FRONT
 11
1988.0
 21
668.0
 31
0.0
100
AcDbText
 73
2
1001
HANOK_PORTRAIT_DL
1000
{"text_align":"left","detail":"J1","view":"detail","detail_part_kinds":["F01","F02"],"joint_type":"J1"}
  0
TEXT
  5
1CB
330
17
100
AcDbEntity
  8
NOTES
100
AcDbText
 10
2108.0
 20
668.0
 30
0.0
 40
3.6
  1
F02 / A -> BACK (flip)
 11
2108.0
 21
668.0
 31
0.0
100
AcDbText
 73
2
1001
HANOK_PORTRAIT_DL
1000
{"text_align":"left","detail":"J1","view":"detail","detail_part_kinds":["F01","F02"],"joint_type":"J1"}
  0
LWPOLYLINE
  5
1CC
330
17
100
AcDbEntity
  8
JOINT_DETAILS_REF
100
AcDbPolyline
 90
4
 70
1
 10
1988.0
 20
617.0
 10
2068.0
 20
617.0
 10
2068.0
 20
657.0
 10
1988.0
 20
657.0
1001
HANOK_PORTRAIT_DL
1000
{"role":"body","detail":"J1","view":"detail","detail_part_kinds":["F01","F02"],"joint_type":"J1"}
  0
LWPOLYLINE
  5
1CD
330
17
100
AcDbEntity
  8
JOINT_DETAILS_REF
100
AcDbPolyline
 90
4
 70
1
 10
2108.0
 20
617.0
 10
2188.0
 20
617.0
 10
2188.0
 20
657.0
 10
2108.0
 20
657.0
1001
HANOK_PORTRAIT_DL
1000
{"role":"body","detail":"J1","view":"detail","detail_part_kinds":["F01","F02"],"joint_type":"J1"}
  0
LWPOLYLINE
  5
1CE
330
17
100
AcDbEntity
  8
JOINT_DETAILS_REF
100
AcDbPolyline
 90
4
 70
1
 10
1988.0
 20
617.0
 10
2028.0
 20
617.0
 10
2028.0
 20
657.0
 10
1988.0
 20
657.0
1001
HANOK_PORTRAIT_DL
1000
{"role":"pocket","detail":"J1","view":"detail","detail_part_kinds":["F01","F02"],"joint_type":"J1"}
  0
LWPOLYLINE
  5
1CF
330
17
100
AcDbEntity
  8
JOINT_DETAILS_REF
100
AcDbPolyline
 90
4
 70
1
 10
2108.0
 20
617.0
 10
2148.0
 20
617.0
 10
2148.0
 20
657.0
 10
2108.0
 20
657.0
1001
HANOK_PORTRAIT_DL
1000
{"role":"pocket","detail":"J1","view":"detail","detail_part_kinds":["F01","F02"],"joint_type":"J1"}
  0
LINE
  5
1D0
330
17
100
AcDbEntity
  8
DIMENSIONS
100
AcDbLine
 10
1988.0
 20
617.0
 30
0.0
 11
1988.0
 21
606.0
 31
0.0
1001
HANOK_PORTRAIT_DL
1000
{"kind":"dim","detail":"J1","view":null}
  0
LINE
  5
1D1
330
17
100
AcDbEntity
  8
DIMENSIONS
100
AcDbLine
 10
2028.0
 20
617.0
 30
0.0
 11
2028.0
 21
606.0
 31
0.0
1001
HANOK_PORTRAIT_DL
1000
{"kind":"dim","detail":"J1","view":null}
  0
LINE
  5
1D2
330
17
100
AcDbEntity
  8
DIMENSIONS
100
AcDbLine
 10
1988.0
 20
608.0
 30
0.0
 11
2028.0
 21
608.0
 31
0.0
1001
HANOK_PORTRAIT_DL
1000
{"kind":"dim","detail":"J1","view":null}
  0
LINE
  5
1D3
330
17
100
AcDbEntity
  8
DIMENSIONS
100
AcDbLine
 10
1988.0
 20
608.0
 30
0.0
 11
1991.0
 21
609.5
 31
0.0
1001
HANOK_PORTRAIT_DL
1000
{"kind":"dim","detail":"J1","view":null}
  0
LINE
  5
1D4
330
17
100
AcDbEntity
  8
DIMENSIONS
100
AcDbLine
 10
1988.0
 20
608.0
 30
0.0
 11
1991.0
 21
606.5
 31
0.0
1001
HANOK_PORTRAIT_DL
1000
{"kind":"dim","detail":"J1","view":null}
  0
LINE
  5
1D5
330
17
100
AcDbEntity
  8
DIMENSIONS
100
AcDbLine
 10
2028.0
 20
608.0
 30
0.0
 11
2025.0
 21
609.5
 31
0.0
1001
HANOK_PORTRAIT_DL
1000
{"kind":"dim","detail":"J1","view":null}
  0
LINE
  5
1D6
330
17
100
AcDbEntity
  8
DIMENSIONS
100
AcDbLine
 10
2028.0
 20
608.0
 30
0.0
 11
2025.0
 21
606.5
 31
0.0
1001
HANOK_PORTRAIT_DL
1000
{"kind":"dim","detail":"J1","view":null}
  0
TEXT
  5
1D7
330
17
100
AcDbEntity
  8
DIMENSIONS
100
AcDbText
 10
2008.0
 20
612.0
 30
0.0
 40
3.6
  1
40
 72
1
 11
2008.0
 21
612.0
 31
0.0
100
AcDbText
 73
2
1001
HANOK_PORTRAIT_DL
1000
{"text_align":"center","kind":"dim","detail":"J1","view":null}
  0
LINE
  5
1D8
330
17
100
AcDbEntity
  8
DIMENSIONS
100
AcDbLine
 10
2068.0
 20
617.0
 30
0.0
 11
2079.0
 21
617.0
 31
0.0
1001
HANOK_PORTRAIT_DL
1000
{"kind":"dim","detail":"J1","view":null}
  0
LINE
  5
1D9
330
17
100
AcDbEntity
  8
DIMENSIONS
100
AcDbLine
 10
2068.0
 20
657.0
 30
0.0
 11
2079.0
 21
657.0
 31
0.0
1001
HANOK_PORTRAIT_DL
1000
{"kind":"dim","detail":"J1","view":null}
  0
LINE
  5
1DA
330
17
100
AcDbEntity
  8
DIMENSIONS
100
AcDbLine
 10
2077.0
 20
617.0
 30
0.0
 11
2077.0
 21
657.0
 31
0.0
1001
HANOK_PORTRAIT_DL
1000
{"kind":"dim","detail":"J1","view":null}
  0
LINE
  5
1DB
330
17
100
AcDbEntity
  8
DIMENSIONS
100
AcDbLine
 10
2077.0
 20
617.0
 30
0.0
 11
2075.5
 21
620.0
 31
0.0
1001
HANOK_PORTRAIT_DL
1000
{"kind":"dim","detail":"J1","view":null}
  0
LINE
  5
1DC
330
17
100
AcDbEntity
  8
DIMENSIONS
100
AcDbLine
 10
2077.0
 20
617.0
 30
0.0
 11
2078.5
 21
620.0
 31
0.0
1001
HANOK_PORTRAIT_DL
1000
{"kind":"dim","detail":"J1","view":null}
  0
LINE
  5
1DD
330
17
100
AcDbEntity
  8
DIMENSIONS
100
AcDbLine
 10
2077.0
 20
657.0
 30
0.0
 11
2075.5
 21
654.0
 31
0.0
1001
HANOK_PORTRAIT_DL
1000
{"kind":"dim","detail":"J1","view":null}
  0
LINE
  5
1DE
330
17
100
AcDbEntity
  8
DIMENSIONS
100
AcDbLine
 10
2077.0
 20
657.0
 30
0.0
 11
2078.5
 21
654.0
 31
0.0
1001
HANOK_PORTRAIT_DL
1000
{"kind":"dim","detail":"J1","view":null}
  0
TEXT
  5
1DF
330
17
100
AcDbEntity
  8
DIMENSIONS
100
AcDbText
 10
2081.0
 20
637.0
 30
0.0
 40
3.6
  1
40
 50
90.0
 72
1
 11
2081.0
 21
637.0
 31
0.0
100
AcDbText
 73
2
1001
HANOK_PORTRAIT_DL
1000
{"text_align":"center","kind":"dim","detail":"J1","view":null}
  0
LINE
  5
1E0
330
17
100
AcDbEntity
  8
DIMENSIONS
100
AcDbLine
 10
2108.0
 20
617.0
 30
0.0
 11
2108.0
 21
606.0
 31
0.0
1001
HANOK_PORTRAIT_DL
1000
{"kind":"dim","detail":"J1","view":null}
  0
LINE
  5
1E1
330
17
100
AcDbEntity
  8
DIMENSIONS
100
AcDbLine
 10
2148.0
 20
617.0
 30
0.0
 11
2148.0
 21
606.0
 31
0.0
1001
HANOK_PORTRAIT_DL
1000
{"kind":"dim","detail":"J1","view":null}
  0
LINE
  5
1E2
330
17
100
AcDbEntity
  8
DIMENSIONS
100
AcDbLine
 10
2108.0
 20
608.0
 30
0.0
 11
2148.0
 21
608.0
 31
0.0
1001
HANOK_PORTRAIT_DL
1000
{"kind":"dim","detail":"J1","view":null}
  0
LINE
  5
1E3
330
17
100
AcDbEntity
  8
DIMENSIONS
100
AcDbLine
 10
2108.0
 20
608.0
 30
0.0
 11
2111.0
 21
609.5
 31
0.0
1001
HANOK_PORTRAIT_DL
1000
{"kind":"dim","detail":"J1","view":null}
  0
LINE
  5
1E4
330
17
100
AcDbEntity
  8
DIMENSIONS
100
AcDbLine
 10
2108.0
 20
608.0
 30
0.0
 11
2111.0
 21
606.5
 31
0.0
1001
HANOK_PORTRAIT_DL
1000
{"kind":"dim","detail":"J1","view":null}
  0
LINE
  5
1E5
330
17
100
AcDbEntity
  8
DIMENSIONS
100
AcDbLine
 10
2148.0
 20
608.0
 30
0.0
 11
2145.0
 21
609.5
 31
0.0
1001
HANOK_PORTRAIT_DL
1000
{"kind":"dim","detail":"J1","view":null}
  0
LINE
  5
1E6
330
17
100
AcDbEntity
  8
DIMENSIONS
100
AcDbLine
 10
2148.0
 20
608.0
 30
0.0
 11
2145.0
 21
606.5
 31
0.0
1001
HANOK_PORTRAIT_DL
1000
{"kind":"dim","detail":"J1","view":null}
  0
TEXT
  5
1E7
330
17
100
AcDbEntity
  8
DIMENSIONS
100
AcDbText
 10
2128.0
 20
612.0
 30
0.0
 40
3.6
  1
40
 72
1
 11
2128.0
 21
612.0
 31
0.0
100
AcDbText
 73
2
1001
HANOK_PORTRAIT_DL
1000
{"text_align":"center","kind":"dim","detail":"J1","view":null}
  0
LWPOLYLINE
  5
1E8
330
17
100
AcDbEntity
  8
JOINT_DETAILS_REF
100
AcDbPolyline
 90
6
 70
1
 10
2043.0
 20
556.0
 10
2103.0
 20
556.0
 10
2103.0
 20
566.0
 10
2063.0
 20
566.0
 10
2063.0
 20
576.0
 10
2043.0
 20
576.0
1001
HANOK_PORTRAIT_DL
1000
{"role":"section_back","detail":"J1","view":"detail","detail_part_kinds":["F01","F02"],"joint_type":"J1"}
  0
LWPOLYLINE
  5
1E9
330
17
100
AcDbEntity
  8
JOINT_DETAILS_REF
100
AcDbPolyline
 90
6
 70
1
 10
2063.0
 20
566.0
 10
2103.0
 20
566.0
 10
2103.0
 20
556.0
 10
2123.0
 20
556.0
 10
2123.0
 20
576.0
 10
2063.0
 20
576.0
1001
HANOK_PORTRAIT_DL
1000
{"role":"section_front","detail":"J1","view":"detail","detail_part_kinds":["F01","F02"],"joint_type":"J1"}
  0
LINE
  5
1EA
330
17
100
AcDbEntity
  8
DIMENSIONS
100
AcDbLine
 10
2123.0
 20
556.0
 30
0.0
 11
2135.0
 21
556.0
 31
0.0
1001
HANOK_PORTRAIT_DL
1000
{"kind":"dim","detail":"J1","view":null}
  0
LINE
  5
1EB
330
17
100
AcDbEntity
  8
DIMENSIONS
100
AcDbLine
 10
2123.0
 20
576.0
 30
0.0
 11
2135.0
 21
576.0
 31
0.0
1001
HANOK_PORTRAIT_DL
1000
{"kind":"dim","detail":"J1","view":null}
  0
LINE
  5
1EC
330
17
100
AcDbEntity
  8
DIMENSIONS
100
AcDbLine
 10
2133.0
 20
556.0
 30
0.0
 11
2133.0
 21
576.0
 31
0.0
1001
HANOK_PORTRAIT_DL
1000
{"kind":"dim","detail":"J1","view":null}
  0
LINE
  5
1ED
330
17
100
AcDbEntity
  8
DIMENSIONS
100
AcDbLine
 10
2133.0
 20
556.0
 30
0.0
 11
2131.5
 21
559.0
 31
0.0
1001
HANOK_PORTRAIT_DL
1000
{"kind":"dim","detail":"J1","view":null}
  0
LINE
  5
1EE
330
17
100
AcDbEntity
  8
DIMENSIONS
100
AcDbLine
 10
2133.0
 20
556.0
 30
0.0
 11
2134.5
 21
559.0
 31
0.0
1001
HANOK_PORTRAIT_DL
1000
{"kind":"dim","detail":"J1","view":null}
  0
LINE
  5
1EF
330
17
100
AcDbEntity
  8
DIMENSIONS
100
AcDbLine
 10
2133.0
 20
576.0
 30
0.0
 11
2131.5
 21
573.0
 31
0.0
1001
HANOK_PORTRAIT_DL
1000
{"kind":"dim","detail":"J1","view":null}
  0
LINE
  5
1F0
330
17
100
AcDbEntity
  8
DIMENSIONS
100
AcDbLine
 10
2133.0
 20
576.0
 30
0.0
 11
2134.5
 21
573.0
 31
0.0
1001
HANOK_PORTRAIT_DL
1000
{"kind":"dim","detail":"J1","view":null}
  0
TEXT
  5
1F1
330
17
100
AcDbEntity
  8
DIMENSIONS
100
AcDbText
 10
2137.0
 20
566.0
 30
0.0
 40
3.6
  1
20
 50
90.0
 72
1
 11
2137.0
 21
566.0
 31
0.0
100
AcDbText
 73
2
1001
HANOK_PORTRAIT_DL
1000
{"text_align":"center","kind":"dim","detail":"J1","view":null}
  0
LINE
  5
1F2
330
17
100
AcDbEntity
  8
DIMENSIONS
100
AcDbLine
 10
2103.0
 20
566.0
 30
0.0
 11
2151.0
 21
566.0
 31
0.0
1001
HANOK_PORTRAIT_DL
1000
{"kind":"dim","detail":"J1","view":null}
  0
LINE
  5
1F3
330
17
100
AcDbEntity
  8
DIMENSIONS
100
AcDbLine
 10
2103.0
 20
576.0
 30
0.0
 11
2151.0
 21
576.0
 31
0.0
1001
HANOK_PORTRAIT_DL
1000
{"kind":"dim","detail":"J1","view":null}
  0
LINE
  5
1F4
330
17
100
AcDbEntity
  8
DIMENSIONS
100
AcDbLine
 10
2149.0
 20
566.0
 30
0.0
 11
2149.0
 21
576.0
 31
0.0
1001
HANOK_PORTRAIT_DL
1000
{"kind":"dim","detail":"J1","view":null}
  0
LINE
  5
1F5
330
17
100
AcDbEntity
  8
DIMENSIONS
100
AcDbLine
 10
2149.0
 20
566.0
 30
0.0
 11
2148.0
 21
568.0
 31
0.0
1001
HANOK_PORTRAIT_DL
1000
{"kind":"dim","detail":"J1","view":null}
  0
LINE
  5
1F6
330
17
100
AcDbEntity
  8
DIMENSIONS
100
AcDbLine
 10
2149.0
 20
566.0
 30
0.0
 11
2150.0
 21
568.0
 31
0.0
1001
HANOK_PORTRAIT_DL
1000
{"kind":"dim","detail":"J1","view":null}
  0
LINE
  5
1F7
330
17
100
AcDbEntity
  8
DIMENSIONS
100
AcDbLine
 10
2149.0
 20
576.0
 30
0.0
 11
2148.0
 21
574.0
 31
0.0
1001
HANOK_PORTRAIT_DL
1000
{"kind":"dim","detail":"J1","view":null}
  0
LINE
  5
1F8
330
17
100
AcDbEntity
  8
DIMENSIONS
100
AcDbLine
 10
2149.0
 20
576.0
 30
0.0
 11
2150.0
 21
574.0
 31
0.0
1001
HANOK_PORTRAIT_DL
1000
{"kind":"dim","detail":"J1","view":null}
  0
TEXT
  5
1F9
330
17
100
AcDbEntity
  8
DIMENSIONS
100
AcDbText
 10
2153.0
 20
571.0
 30
0.0
 40
3.6
  1
10 depth
 50
90.0
 72
1
 11
2153.0
 21
571.0
 31
0.0
100
AcDbText
 73
2
1001
HANOK_PORTRAIT_DL
1000
{"text_align":"center","kind":"dim","detail":"J1","view":null}
  0
TEXT
  5
1FA
330
17
100
AcDbEntity
  8
NOTES
100
AcDbText
 10
1988.0
 20
589.0
 30
0.0
 40
4.0
  1
ASSEMBLED SECTION - complementary faces
 11
1988.0
 21
589.0
 31
0.0
100
AcDbText
 73
2
1001
HANOK_PORTRAIT_DL
1000
{"text_align":"left","detail":"J1","view":"detail","detail_part_kinds":["F01","F02"],"joint_type":"J1"}
  0
TEXT
  5
1FB
330
17
100
AcDbEntity
  8
NOTES
100
AcDbText
 10
1983.0
 20
538.0
 30
0.0
 40
3.3
  1
Local end regions only; open edges need cutter overrun in CAM.
 11
1983.0
 21
538.0
 31
0.0
100
AcDbText
 73
2
1001
HANOK_PORTRAIT_DL
1000
{"text_align":"left","detail":"J1","view":"detail","detail_part_kinds":["F01","F02"],"joint_type":"J1"}
  0
TEXT
  5
1FC
330
17
100
AcDbEntity
  8
NOTES
100
AcDbText
 10
1983.0
 20
527.0
 30
0.0
 40
3.2
  1
REFERENCE ONLY / DXF 1:1 / PNG enlarged
 11
1983.0
 21
527.0
 31
0.0
100
AcDbText
 73
2
1001
HANOK_PORTRAIT_DL
1000
{"text_align":"left","detail":"J1","view":"detail","detail_part_kinds":["F01","F02"],"joint_type":"J1"}
  0
LWPOLYLINE
  5
1FD
330
17
100
AcDbEntity
  8
NOTES
100
AcDbPolyline
 90
4
 70
1
 10
2243.0
 20
520.0
 10
2483.0
 20
520.0
 10
2483.0
 20
710.0
 10
2243.0
 20
710.0
1001
HANOK_PORTRAIT_DL
1000
{"kind":"detail_border","detail":"J2","view":"detail","detail_part_kinds":["S01","S02"],"joint_type":"J2"}
  0
TEXT
  5
1FE
330
17
100
AcDbEntity
  8
NOTES
100
AcDbText
 10
2253.0
 20
698.0
 30
0.0
 40
7.0
  1
J2  SASH HALF-LAP
 11
2253.0
 21
698.0
 31
0.0
100
AcDbText
 73
2
1001
HANOK_PORTRAIT_DL
1000
{"text_align":"left","detail":"J2","view":"detail","detail_part_kinds":["S01","S02"],"joint_type":"J2"}
  0
TEXT
  5
1FF
330
17
100
AcDbEntity
  8
NOTES
100
AcDbText
 10
2253.0
 20
684.0
 30
0.0
 40
4.7
  1
30 x 30 pocket / depth 10 / stock 20
 11
2253.0
 21
684.0
 31
0.0
100
AcDbText
 73
2
1001
HANOK_PORTRAIT_DL
1000
{"text_align":"left","detail":"J2","view":"detail","detail_part_kinds":["S01","S02"],"joint_type":"J2"}
  0
TEXT
  5
200
330
17
100
AcDbEntity
  8
NOTES
100
AcDbText
 10
2258.0
 20
668.0
 30
0.0
 40
4.0
  1
S01 / A -> FRONT
 11
2258.0
 21
668.0
 31
0.0
100
AcDbText
 73
2
1001
HANOK_PORTRAIT_DL
1000
{"text_align":"left","detail":"J2","view":"detail","detail_part_kinds":["S01","S02"],"joint_type":"J2"}
  0
TEXT
  5
201
330
17
100
AcDbEntity
  8
NOTES
100
AcDbText
 10
2378.0
 20
668.0
 30
0.0
 40
3.6
  1
S02 / A -> BACK (flip)
 11
2378.0
 21
668.0
 31
0.0
100
AcDbText
 73
2
1001
HANOK_PORTRAIT_DL
1000
{"text_align":"left","detail":"J2","view":"detail","detail_part_kinds":["S01","S02"],"joint_type":"J2"}
  0
LWPOLYLINE
  5
202
330
17
100
AcDbEntity
  8
JOINT_DETAILS_REF
100
AcDbPolyline
 90
4
 70
1
 10
2258.0
 20
627.0
 10
2338.0
 20
627.0
 10
2338.0
 20
657.0
 10
2258.0
 20
657.0
1001
HANOK_PORTRAIT_DL
1000
{"role":"body","detail":"J2","view":"detail","detail_part_kinds":["S01","S02"],"joint_type":"J2"}
  0
LWPOLYLINE
  5
203
330
17
100
AcDbEntity
  8
JOINT_DETAILS_REF
100
AcDbPolyline
 90
4
 70
1
 10
2378.0
 20
627.0
 10
2458.0
 20
627.0
 10
2458.0
 20
657.0
 10
2378.0
 20
657.0
1001
HANOK_PORTRAIT_DL
1000
{"role":"body","detail":"J2","view":"detail","detail_part_kinds":["S01","S02"],"joint_type":"J2"}
  0
LWPOLYLINE
  5
204
330
17
100
AcDbEntity
  8
JOINT_DETAILS_REF
100
AcDbPolyline
 90
4
 70
1
 10
2258.0
 20
627.0
 10
2288.0
 20
627.0
 10
2288.0
 20
657.0
 10
2258.0
 20
657.0
1001
HANOK_PORTRAIT_DL
1000
{"role":"pocket","detail":"J2","view":"detail","detail_part_kinds":["S01","S02"],"joint_type":"J2"}
  0
LWPOLYLINE
  5
205
330
17
100
AcDbEntity
  8
JOINT_DETAILS_REF
100
AcDbPolyline
 90
4
 70
1
 10
2378.0
 20
627.0
 10
2408.0
 20
627.0
 10
2408.0
 20
657.0
 10
2378.0
 20
657.0
1001
HANOK_PORTRAIT_DL
1000
{"role":"pocket","detail":"J2","view":"detail","detail_part_kinds":["S01","S02"],"joint_type":"J2"}
  0
LINE
  5
206
330
17
100
AcDbEntity
  8
DIMENSIONS
100
AcDbLine
 10
2258.0
 20
627.0
 30
0.0
 11
2258.0
 21
616.0
 31
0.0
1001
HANOK_PORTRAIT_DL
1000
{"kind":"dim","detail":"J2","view":null}
  0
LINE
  5
207
330
17
100
AcDbEntity
  8
DIMENSIONS
100
AcDbLine
 10
2288.0
 20
627.0
 30
0.0
 11
2288.0
 21
616.0
 31
0.0
1001
HANOK_PORTRAIT_DL
1000
{"kind":"dim","detail":"J2","view":null}
  0
LINE
  5
208
330
17
100
AcDbEntity
  8
DIMENSIONS
100
AcDbLine
 10
2258.0
 20
618.0
 30
0.0
 11
2288.0
 21
618.0
 31
0.0
1001
HANOK_PORTRAIT_DL
1000
{"kind":"dim","detail":"J2","view":null}
  0
LINE
  5
209
330
17
100
AcDbEntity
  8
DIMENSIONS
100
AcDbLine
 10
2258.0
 20
618.0
 30
0.0
 11
2261.0
 21
619.5
 31
0.0
1001
HANOK_PORTRAIT_DL
1000
{"kind":"dim","detail":"J2","view":null}
  0
LINE
  5
20A
330
17
100
AcDbEntity
  8
DIMENSIONS
100
AcDbLine
 10
2258.0
 20
618.0
 30
0.0
 11
2261.0
 21
616.5
 31
0.0
1001
HANOK_PORTRAIT_DL
1000
{"kind":"dim","detail":"J2","view":null}
  0
LINE
  5
20B
330
17
100
AcDbEntity
  8
DIMENSIONS
100
AcDbLine
 10
2288.0
 20
618.0
 30
0.0
 11
2285.0
 21
619.5
 31
0.0
1001
HANOK_PORTRAIT_DL
1000
{"kind":"dim","detail":"J2","view":null}
  0
LINE
  5
20C
330
17
100
AcDbEntity
  8
DIMENSIONS
100
AcDbLine
 10
2288.0
 20
618.0
 30
0.0
 11
2285.0
 21
616.5
 31
0.0
1001
HANOK_PORTRAIT_DL
1000
{"kind":"dim","detail":"J2","view":null}
  0
TEXT
  5
20D
330
17
100
AcDbEntity
  8
DIMENSIONS
100
AcDbText
 10
2273.0
 20
622.0
 30
0.0
 40
3.6
  1
30
 72
1
 11
2273.0
 21
622.0
 31
0.0
100
AcDbText
 73
2
1001
HANOK_PORTRAIT_DL
1000
{"text_align":"center","kind":"dim","detail":"J2","view":null}
  0
LINE
  5
20E
330
17
100
AcDbEntity
  8
DIMENSIONS
100
AcDbLine
 10
2338.0
 20
627.0
 30
0.0
 11
2349.0
 21
627.0
 31
0.0
1001
HANOK_PORTRAIT_DL
1000
{"kind":"dim","detail":"J2","view":null}
  0
LINE
  5
20F
330
17
100
AcDbEntity
  8
DIMENSIONS
100
AcDbLine
 10
2338.0
 20
657.0
 30
0.0
 11
2349.0
 21
657.0
 31
0.0
1001
HANOK_PORTRAIT_DL
1000
{"kind":"dim","detail":"J2","view":null}
  0
LINE
  5
210
330
17
100
AcDbEntity
  8
DIMENSIONS
100
AcDbLine
 10
2347.0
 20
627.0
 30
0.0
 11
2347.0
 21
657.0
 31
0.0
1001
HANOK_PORTRAIT_DL
1000
{"kind":"dim","detail":"J2","view":null}
  0
LINE
  5
211
330
17
100
AcDbEntity
  8
DIMENSIONS
100
AcDbLine
 10
2347.0
 20
627.0
 30
0.0
 11
2345.5
 21
630.0
 31
0.0
1001
HANOK_PORTRAIT_DL
1000
{"kind":"dim","detail":"J2","view":null}
  0
LINE
  5
212
330
17
100
AcDbEntity
  8
DIMENSIONS
100
AcDbLine
 10
2347.0
 20
627.0
 30
0.0
 11
2348.5
 21
630.0
 31
0.0
1001
HANOK_PORTRAIT_DL
1000
{"kind":"dim","detail":"J2","view":null}
  0
LINE
  5
213
330
17
100
AcDbEntity
  8
DIMENSIONS
100
AcDbLine
 10
2347.0
 20
657.0
 30
0.0
 11
2345.5
 21
654.0
 31
0.0
1001
HANOK_PORTRAIT_DL
1000
{"kind":"dim","detail":"J2","view":null}
  0
LINE
  5
214
330
17
100
AcDbEntity
  8
DIMENSIONS
100
AcDbLine
 10
2347.0
 20
657.0
 30
0.0
 11
2348.5
 21
654.0
 31
0.0
1001
HANOK_PORTRAIT_DL
1000
{"kind":"dim","detail":"J2","view":null}
  0
TEXT
  5
215
330
17
100
AcDbEntity
  8
DIMENSIONS
100
AcDbText
 10
2351.0
 20
642.0
 30
0.0
 40
3.6
  1
30
 50
90.0
 72
1
 11
2351.0
 21
642.0
 31
0.0
100
AcDbText
 73
2
1001
HANOK_PORTRAIT_DL
1000
{"text_align":"center","kind":"dim","detail":"J2","view":null}
  0
LINE
  5
216
330
17
100
AcDbEntity
  8
DIMENSIONS
100
AcDbLine
 10
2378.0
 20
627.0
 30
0.0
 11
2378.0
 21
616.0
 31
0.0
1001
HANOK_PORTRAIT_DL
1000
{"kind":"dim","detail":"J2","view":null}
  0
LINE
  5
217
330
17
100
AcDbEntity
  8
DIMENSIONS
100
AcDbLine
 10
2408.0
 20
627.0
 30
0.0
 11
2408.0
 21
616.0
 31
0.0
1001
HANOK_PORTRAIT_DL
1000
{"kind":"dim","detail":"J2","view":null}
  0
LINE
  5
218
330
17
100
AcDbEntity
  8
DIMENSIONS
100
AcDbLine
 10
2378.0
 20
618.0
 30
0.0
 11
2408.0
 21
618.0
 31
0.0
1001
HANOK_PORTRAIT_DL
1000
{"kind":"dim","detail":"J2","view":null}
  0
LINE
  5
219
330
17
100
AcDbEntity
  8
DIMENSIONS
100
AcDbLine
 10
2378.0
 20
618.0
 30
0.0
 11
2381.0
 21
619.5
 31
0.0
1001
HANOK_PORTRAIT_DL
1000
{"kind":"dim","detail":"J2","view":null}
  0
LINE
  5
21A
330
17
100
AcDbEntity
  8
DIMENSIONS
100
AcDbLine
 10
2378.0
 20
618.0
 30
0.0
 11
2381.0
 21
616.5
 31
0.0
1001
HANOK_PORTRAIT_DL
1000
{"kind":"dim","detail":"J2","view":null}
  0
LINE
  5
21B
330
17
100
AcDbEntity
  8
DIMENSIONS
100
AcDbLine
 10
2408.0
 20
618.0
 30
0.0
 11
2405.0
 21
619.5
 31
0.0
1001
HANOK_PORTRAIT_DL
1000
{"kind":"dim","detail":"J2","view":null}
  0
LINE
  5
21C
330
17
100
AcDbEntity
  8
DIMENSIONS
100
AcDbLine
 10
2408.0
 20
618.0
 30
0.0
 11
2405.0
 21
616.5
 31
0.0
1001
HANOK_PORTRAIT_DL
1000
{"kind":"dim","detail":"J2","view":null}
  0
TEXT
  5
21D
330
17
100
AcDbEntity
  8
DIMENSIONS
100
AcDbText
 10
2393.0
 20
622.0
 30
0.0
 40
3.6
  1
30
 72
1
 11
2393.0
 21
622.0
 31
0.0
100
AcDbText
 73
2
1001
HANOK_PORTRAIT_DL
1000
{"text_align":"center","kind":"dim","detail":"J2","view":null}
  0
LWPOLYLINE
  5
21E
330
17
100
AcDbEntity
  8
JOINT_DETAILS_REF
100
AcDbPolyline
 90
6
 70
1
 10
2313.0
 20
556.0
 10
2363.0
 20
556.0
 10
2363.0
 20
566.0
 10
2333.0
 20
566.0
 10
2333.0
 20
576.0
 10
2313.0
 20
576.0
1001
HANOK_PORTRAIT_DL
1000
{"role":"section_back","detail":"J2","view":"detail","detail_part_kinds":["S01","S02"],"joint_type":"J2"}
  0
LWPOLYLINE
  5
21F
330
17
100
AcDbEntity
  8
JOINT_DETAILS_REF
100
AcDbPolyline
 90
6
 70
1
 10
2333.0
 20
566.0
 10
2363.0
 20
566.0
 10
2363.0
 20
556.0
 10
2383.0
 20
556.0
 10
2383.0
 20
576.0
 10
2333.0
 20
576.0
1001
HANOK_PORTRAIT_DL
1000
{"role":"section_front","detail":"J2","view":"detail","detail_part_kinds":["S01","S02"],"joint_type":"J2"}
  0
LINE
  5
220
330
17
100
AcDbEntity
  8
DIMENSIONS
100
AcDbLine
 10
2383.0
 20
556.0
 30
0.0
 11
2395.0
 21
556.0
 31
0.0
1001
HANOK_PORTRAIT_DL
1000
{"kind":"dim","detail":"J2","view":null}
  0
LINE
  5
221
330
17
100
AcDbEntity
  8
DIMENSIONS
100
AcDbLine
 10
2383.0
 20
576.0
 30
0.0
 11
2395.0
 21
576.0
 31
0.0
1001
HANOK_PORTRAIT_DL
1000
{"kind":"dim","detail":"J2","view":null}
  0
LINE
  5
222
330
17
100
AcDbEntity
  8
DIMENSIONS
100
AcDbLine
 10
2393.0
 20
556.0
 30
0.0
 11
2393.0
 21
576.0
 31
0.0
1001
HANOK_PORTRAIT_DL
1000
{"kind":"dim","detail":"J2","view":null}
  0
LINE
  5
223
330
17
100
AcDbEntity
  8
DIMENSIONS
100
AcDbLine
 10
2393.0
 20
556.0
 30
0.0
 11
2391.5
 21
559.0
 31
0.0
1001
HANOK_PORTRAIT_DL
1000
{"kind":"dim","detail":"J2","view":null}
  0
LINE
  5
224
330
17
100
AcDbEntity
  8
DIMENSIONS
100
AcDbLine
 10
2393.0
 20
556.0
 30
0.0
 11
2394.5
 21
559.0
 31
0.0
1001
HANOK_PORTRAIT_DL
1000
{"kind":"dim","detail":"J2","view":null}
  0
LINE
  5
225
330
17
100
AcDbEntity
  8
DIMENSIONS
100
AcDbLine
 10
2393.0
 20
576.0
 30
0.0
 11
2391.5
 21
573.0
 31
0.0
1001
HANOK_PORTRAIT_DL
1000
{"kind":"dim","detail":"J2","view":null}
  0
LINE
  5
226
330
17
100
AcDbEntity
  8
DIMENSIONS
100
AcDbLine
 10
2393.0
 20
576.0
 30
0.0
 11
2394.5
 21
573.0
 31
0.0
1001
HANOK_PORTRAIT_DL
1000
{"kind":"dim","detail":"J2","view":null}
  0
TEXT
  5
227
330
17
100
AcDbEntity
  8
DIMENSIONS
100
AcDbText
 10
2397.0
 20
566.0
 30
0.0
 40
3.6
  1
20
 50
90.0
 72
1
 11
2397.0
 21
566.0
 31
0.0
100
AcDbText
 73
2
1001
HANOK_PORTRAIT_DL
1000
{"text_align":"center","kind":"dim","detail":"J2","view":null}
  0
LINE
  5
228
330
17
100
AcDbEntity
  8
DIMENSIONS
100
AcDbLine
 10
2363.0
 20
566.0
 30
0.0
 11
2411.0
 21
566.0
 31
0.0
1001
HANOK_PORTRAIT_DL
1000
{"kind":"dim","detail":"J2","view":null}
  0
LINE
  5
229
330
17
100
AcDbEntity
  8
DIMENSIONS
100
AcDbLine
 10
2363.0
 20
576.0
 30
0.0
 11
2411.0
 21
576.0
 31
0.0
1001
HANOK_PORTRAIT_DL
1000
{"kind":"dim","detail":"J2","view":null}
  0
LINE
  5
22A
330
17
100
AcDbEntity
  8
DIMENSIONS
100
AcDbLine
 10
2409.0
 20
566.0
 30
0.0
 11
2409.0
 21
576.0
 31
0.0
1001
HANOK_PORTRAIT_DL
1000
{"kind":"dim","detail":"J2","view":null}
  0
LINE
  5
22B
330
17
100
AcDbEntity
  8
DIMENSIONS
100
AcDbLine
 10
2409.0
 20
566.0
 30
0.0
 11
2408.0
 21
568.0
 31
0.0
1001
HANOK_PORTRAIT_DL
1000
{"kind":"dim","detail":"J2","view":null}
  0
LINE
  5
22C
330
17
100
AcDbEntity
  8
DIMENSIONS
100
AcDbLine
 10
2409.0
 20
566.0
 30
0.0
 11
2410.0
 21
568.0
 31
0.0
1001
HANOK_PORTRAIT_DL
1000
{"kind":"dim","detail":"J2","view":null}
  0
LINE
  5
22D
330
17
100
AcDbEntity
  8
DIMENSIONS
100
AcDbLine
 10
2409.0
 20
576.0
 30
0.0
 11
2408.0
 21
574.0
 31
0.0
1001
HANOK_PORTRAIT_DL
1000
{"kind":"dim","detail":"J2","view":null}
  0
LINE
  5
22E
330
17
100
AcDbEntity
  8
DIMENSIONS
100
AcDbLine
 10
2409.0
 20
576.0
 30
0.0
 11
2410.0
 21
574.0
 31
0.0
1001
HANOK_PORTRAIT_DL
1000
{"kind":"dim","detail":"J2","view":null}
  0
TEXT
  5
22F
330
17
100
AcDbEntity
  8
DIMENSIONS
100
AcDbText
 10
2413.0
 20
571.0
 30
0.0
 40
3.6
  1
10 depth
 50
90.0
 72
1
 11
2413.0
 21
571.0
 31
0.0
100
AcDbText
 73
2
1001
HANOK_PORTRAIT_DL
1000
{"text_align":"center","kind":"dim","detail":"J2","view":null}
  0
TEXT
  5
230
330
17
100
AcDbEntity
  8
NOTES
100
AcDbText
 10
2258.0
 20
589.0
 30
0.0
 40
4.0
  1
ASSEMBLED SECTION - complementary faces
 11
2258.0
 21
589.0
 31
0.0
100
AcDbText
 73
2
1001
HANOK_PORTRAIT_DL
1000
{"text_align":"left","detail":"J2","view":"detail","detail_part_kinds":["S01","S02"],"joint_type":"J2"}
  0
TEXT
  5
231
330
17
100
AcDbEntity
  8
NOTES
100
AcDbText
 10
2253.0
 20
538.0
 30
0.0
 40
3.3
  1
Local end regions only; open edges need cutter overrun in CAM.
 11
2253.0
 21
538.0
 31
0.0
100
AcDbText
 73
2
1001
HANOK_PORTRAIT_DL
1000
{"text_align":"left","detail":"J2","view":"detail","detail_part_kinds":["S01","S02"],"joint_type":"J2"}
  0
TEXT
  5
232
330
17
100
AcDbEntity
  8
NOTES
100
AcDbText
 10
2253.0
 20
527.0
 30
0.0
 40
3.2
  1
REFERENCE ONLY / DXF 1:1 / PNG enlarged
 11
2253.0
 21
527.0
 31
0.0
100
AcDbText
 73
2
1001
HANOK_PORTRAIT_DL
1000
{"text_align":"left","detail":"J2","view":"detail","detail_part_kinds":["S01","S02"],"joint_type":"J2"}
  0
LWPOLYLINE
  5
233
330
17
100
AcDbEntity
  8
NOTES
100
AcDbPolyline
 90
4
 70
1
 10
1973.0
 20
310.0
 10
2213.0
 20
310.0
 10
2213.0
 20
500.0
 10
1973.0
 20
500.0
1001
HANOK_PORTRAIT_DL
1000
{"kind":"detail_border","detail":"J3","view":"detail","detail_part_kinds":["L01","L02"],"joint_type":"J3"}
  0
TEXT
  5
234
330
17
100
AcDbEntity
  8
NOTES
100
AcDbText
 10
1983.0
 20
488.0
 30
0.0
 40
7.0
  1
J3  LATTICE CROSSING HALF-LAP
 11
1983.0
 21
488.0
 31
0.0
100
AcDbText
 73
2
1001
HANOK_PORTRAIT_DL
1000
{"text_align":"left","detail":"J3","view":"detail","detail_part_kinds":["L01","L02"],"joint_type":"J3"}
  0
TEXT
  5
235
330
17
100
AcDbEntity
  8
NOTES
100
AcDbText
 10
1983.0
 20
474.0
 30
0.0
 40
4.7
  1
10 x 10 pocket / depth 10 / stock 20
 11
1983.0
 21
474.0
 31
0.0
100
AcDbText
 73
2
1001
HANOK_PORTRAIT_DL
1000
{"text_align":"left","detail":"J3","view":"detail","detail_part_kinds":["L01","L02"],"joint_type":"J3"}
  0
TEXT
  5
236
330
17
100
AcDbEntity
  8
NOTES
100
AcDbText
 10
1988.0
 20
458.0
 30
0.0
 40
4.0
  1
L01 / A -> FRONT
 11
1988.0
 21
458.0
 31
0.0
100
AcDbText
 73
2
1001
HANOK_PORTRAIT_DL
1000
{"text_align":"left","detail":"J3","view":"detail","detail_part_kinds":["L01","L02"],"joint_type":"J3"}
  0
TEXT
  5
237
330
17
100
AcDbEntity
  8
NOTES
100
AcDbText
 10
2108.0
 20
458.0
 30
0.0
 40
3.7
  1
L02 / A -> BACK (flip)
 11
2108.0
 21
458.0
 31
0.0
100
AcDbText
 73
2
1001
HANOK_PORTRAIT_DL
1000
{"text_align":"left","detail":"J3","view":"detail","detail_part_kinds":["L01","L02"],"joint_type":"J3"}
  0
LWPOLYLINE
  5
238
330
17
100
AcDbEntity
  8
JOINT_DETAILS_REF
100
AcDbPolyline
 90
4
 70
1
 10
1988.0
 20
435.0
 10
2068.0
 20
435.0
 10
2068.0
 20
445.0
 10
1988.0
 20
445.0
1001
HANOK_PORTRAIT_DL
1000
{"role":"body","detail":"J3","view":"detail","detail_part_kinds":["L01","L02"],"joint_type":"J3"}
  0
LWPOLYLINE
  5
239
330
17
100
AcDbEntity
  8
JOINT_DETAILS_REF
100
AcDbPolyline
 90
4
 70
1
 10
2108.0
 20
435.0
 10
2188.0
 20
435.0
 10
2188.0
 20
445.0
 10
2108.0
 20
445.0
1001
HANOK_PORTRAIT_DL
1000
{"role":"body","detail":"J3","view":"detail","detail_part_kinds":["L01","L02"],"joint_type":"J3"}
  0
LWPOLYLINE
  5
23A
330
17
100
AcDbEntity
  8
JOINT_DETAILS_REF
100
AcDbPolyline
 90
4
 70
1
 10
2023.0
 20
435.0
 10
2033.0
 20
435.0
 10
2033.0
 20
445.0
 10
2023.0
 20
445.0
1001
HANOK_PORTRAIT_DL
1000
{"role":"pocket","detail":"J3","view":"detail","detail_part_kinds":["L01","L02"],"joint_type":"J3"}
  0
LWPOLYLINE
  5
23B
330
17
100
AcDbEntity
  8
JOINT_DETAILS_REF
100
AcDbPolyline
 90
4
 70
1
 10
2143.0
 20
435.0
 10
2153.0
 20
435.0
 10
2153.0
 20
445.0
 10
2143.0
 20
445.0
1001
HANOK_PORTRAIT_DL
1000
{"role":"pocket","detail":"J3","view":"detail","detail_part_kinds":["L01","L02"],"joint_type":"J3"}
  0
LINE
  5
23C
330
17
100
AcDbEntity
  8
DIMENSIONS
100
AcDbLine
 10
2023.0
 20
435.0
 30
0.0
 11
2023.0
 21
420.0
 31
0.0
1001
HANOK_PORTRAIT_DL
1000
{"kind":"dim","detail":"J3","view":null}
  0
LINE
  5
23D
330
17
100
AcDbEntity
  8
DIMENSIONS
100
AcDbLine
 10
2033.0
 20
435.0
 30
0.0
 11
2033.0
 21
420.0
 31
0.0
1001
HANOK_PORTRAIT_DL
1000
{"kind":"dim","detail":"J3","view":null}
  0
LINE
  5
23E
330
17
100
AcDbEntity
  8
DIMENSIONS
100
AcDbLine
 10
2023.0
 20
422.0
 30
0.0
 11
2033.0
 21
422.0
 31
0.0
1001
HANOK_PORTRAIT_DL
1000
{"kind":"dim","detail":"J3","view":null}
  0
LINE
  5
23F
330
17
100
AcDbEntity
  8
DIMENSIONS
100
AcDbLine
 10
2023.0
 20
422.0
 30
0.0
 11
2025.0
 21
423.0
 31
0.0
1001
HANOK_PORTRAIT_DL
1000
{"kind":"dim","detail":"J3","view":null}
  0
LINE
  5
240
330
17
100
AcDbEntity
  8
DIMENSIONS
100
AcDbLine
 10
2023.0
 20
422.0
 30
0.0
 11
2025.0
 21
421.0
 31
0.0
1001
HANOK_PORTRAIT_DL
1000
{"kind":"dim","detail":"J3","view":null}
  0
LINE
  5
241
330
17
100
AcDbEntity
  8
DIMENSIONS
100
AcDbLine
 10
2033.0
 20
422.0
 30
0.0
 11
2031.0
 21
423.0
 31
0.0
1001
HANOK_PORTRAIT_DL
1000
{"kind":"dim","detail":"J3","view":null}
  0
LINE
  5
242
330
17
100
AcDbEntity
  8
DIMENSIONS
100
AcDbLine
 10
2033.0
 20
422.0
 30
0.0
 11
2031.0
 21
421.0
 31
0.0
1001
HANOK_PORTRAIT_DL
1000
{"kind":"dim","detail":"J3","view":null}
  0
TEXT
  5
243
330
17
100
AcDbEntity
  8
DIMENSIONS
100
AcDbText
 10
2028.0
 20
426.0
 30
0.0
 40
3.6
  1
10
 72
1
 11
2028.0
 21
426.0
 31
0.0
100
AcDbText
 73
2
1001
HANOK_PORTRAIT_DL
1000
{"text_align":"center","kind":"dim","detail":"J3","view":null}
  0
LINE
  5
244
330
17
100
AcDbEntity
  8
DIMENSIONS
100
AcDbLine
 10
2068.0
 20
435.0
 30
0.0
 11
2080.0
 21
435.0
 31
0.0
1001
HANOK_PORTRAIT_DL
1000
{"kind":"dim","detail":"J3","view":null}
  0
LINE
  5
245
330
17
100
AcDbEntity
  8
DIMENSIONS
100
AcDbLine
 10
2068.0
 20
445.0
 30
0.0
 11
2080.0
 21
445.0
 31
0.0
1001
HANOK_PORTRAIT_DL
1000
{"kind":"dim","detail":"J3","view":null}
  0
LINE
  5
246
330
17
100
AcDbEntity
  8
DIMENSIONS
100
AcDbLine
 10
2078.0
 20
435.0
 30
0.0
 11
2078.0
 21
445.0
 31
0.0
1001
HANOK_PORTRAIT_DL
1000
{"kind":"dim","detail":"J3","view":null}
  0
LINE
  5
247
330
17
100
AcDbEntity
  8
DIMENSIONS
100
AcDbLine
 10
2078.0
 20
435.0
 30
0.0
 11
2077.0
 21
437.0
 31
0.0
1001
HANOK_PORTRAIT_DL
1000
{"kind":"dim","detail":"J3","view":null}
  0
LINE
  5
248
330
17
100
AcDbEntity
  8
DIMENSIONS
100
AcDbLine
 10
2078.0
 20
435.0
 30
0.0
 11
2079.0
 21
437.0
 31
0.0
1001
HANOK_PORTRAIT_DL
1000
{"kind":"dim","detail":"J3","view":null}
  0
LINE
  5
249
330
17
100
AcDbEntity
  8
DIMENSIONS
100
AcDbLine
 10
2078.0
 20
445.0
 30
0.0
 11
2077.0
 21
443.0
 31
0.0
1001
HANOK_PORTRAIT_DL
1000
{"kind":"dim","detail":"J3","view":null}
  0
LINE
  5
24A
330
17
100
AcDbEntity
  8
DIMENSIONS
100
AcDbLine
 10
2078.0
 20
445.0
 30
0.0
 11
2079.0
 21
443.0
 31
0.0
1001
HANOK_PORTRAIT_DL
1000
{"kind":"dim","detail":"J3","view":null}
  0
TEXT
  5
24B
330
17
100
AcDbEntity
  8
DIMENSIONS
100
AcDbText
 10
2082.0
 20
440.0
 30
0.0
 40
3.6
  1
10
 50
90.0
 72
1
 11
2082.0
 21
440.0
 31
0.0
100
AcDbText
 73
2
1001
HANOK_PORTRAIT_DL
1000
{"text_align":"center","kind":"dim","detail":"J3","view":null}
  0
LINE
  5
24C
330
17
100
AcDbEntity
  8
DIMENSIONS
100
AcDbLine
 10
2143.0
 20
435.0
 30
0.0
 11
2143.0
 21
420.0
 31
0.0
1001
HANOK_PORTRAIT_DL
1000
{"kind":"dim","detail":"J3","view":null}
  0
LINE
  5
24D
330
17
100
AcDbEntity
  8
DIMENSIONS
100
AcDbLine
 10
2153.0
 20
435.0
 30
0.0
 11
2153.0
 21
420.0
 31
0.0
1001
HANOK_PORTRAIT_DL
1000
{"kind":"dim","detail":"J3","view":null}
  0
LINE
  5
24E
330
17
100
AcDbEntity
  8
DIMENSIONS
100
AcDbLine
 10
2143.0
 20
422.0
 30
0.0
 11
2153.0
 21
422.0
 31
0.0
1001
HANOK_PORTRAIT_DL
1000
{"kind":"dim","detail":"J3","view":null}
  0
LINE
  5
24F
330
17
100
AcDbEntity
  8
DIMENSIONS
100
AcDbLine
 10
2143.0
 20
422.0
 30
0.0
 11
2145.0
 21
423.0
 31
0.0
1001
HANOK_PORTRAIT_DL
1000
{"kind":"dim","detail":"J3","view":null}
  0
LINE
  5
250
330
17
100
AcDbEntity
  8
DIMENSIONS
100
AcDbLine
 10
2143.0
 20
422.0
 30
0.0
 11
2145.0
 21
421.0
 31
0.0
1001
HANOK_PORTRAIT_DL
1000
{"kind":"dim","detail":"J3","view":null}
  0
LINE
  5
251
330
17
100
AcDbEntity
  8
DIMENSIONS
100
AcDbLine
 10
2153.0
 20
422.0
 30
0.0
 11
2151.0
 21
423.0
 31
0.0
1001
HANOK_PORTRAIT_DL
1000
{"kind":"dim","detail":"J3","view":null}
  0
LINE
  5
252
330
17
100
AcDbEntity
  8
DIMENSIONS
100
AcDbLine
 10
2153.0
 20
422.0
 30
0.0
 11
2151.0
 21
421.0
 31
0.0
1001
HANOK_PORTRAIT_DL
1000
{"kind":"dim","detail":"J3","view":null}
  0
TEXT
  5
253
330
17
100
AcDbEntity
  8
DIMENSIONS
100
AcDbText
 10
2148.0
 20
426.0
 30
0.0
 40
3.6
  1
10
 72
1
 11
2148.0
 21
426.0
 31
0.0
100
AcDbText
 73
2
1001
HANOK_PORTRAIT_DL
1000
{"text_align":"center","kind":"dim","detail":"J3","view":null}
  0
TEXT
  5
254
330
17
100
AcDbEntity
  8
NOTES
100
AcDbText
 10
1988.0
 20
405.0
 30
0.0
 40
4.2
  1
16 crossings x 2 matching pockets = 32 pockets
 11
1988.0
 21
405.0
 31
0.0
100
AcDbText
 73
2
1001
HANOK_PORTRAIT_DL
1000
{"text_align":"left","detail":"J3","view":"detail","detail_part_kinds":["L01","L02"],"joint_type":"J3"}
  0
LWPOLYLINE
  5
255
330
17
100
AcDbEntity
  8
JOINT_DETAILS_REF
100
AcDbPolyline
 90
4
 70
1
 10
2078.0
 20
350.0
 10
2088.0
 20
350.0
 10
2088.0
 20
360.0
 10
2078.0
 20
360.0
1001
HANOK_PORTRAIT_DL
1000
{"role":"section_back","detail":"J3","view":"detail","detail_part_kinds":["L01","L02"],"joint_type":"J3"}
  0
LWPOLYLINE
  5
256
330
17
100
AcDbEntity
  8
JOINT_DETAILS_REF
100
AcDbPolyline
 90
8
 70
1
 10
2058.0
 20
350.0
 10
2078.0
 20
350.0
 10
2078.0
 20
360.0
 10
2088.0
 20
360.0
 10
2088.0
 20
350.0
 10
2108.0
 20
350.0
 10
2108.0
 20
370.0
 10
2058.0
 20
370.0
1001
HANOK_PORTRAIT_DL
1000
{"role":"section_front","detail":"J3","view":"detail","detail_part_kinds":["L01","L02"],"joint_type":"J3"}
  0
LINE
  5
257
330
17
100
AcDbEntity
  8
DIMENSIONS
100
AcDbLine
 10
2108.0
 20
350.0
 30
0.0
 11
2120.0
 21
350.0
 31
0.0
1001
HANOK_PORTRAIT_DL
1000
{"kind":"dim","detail":"J3","view":null}
  0
LINE
  5
258
330
17
100
AcDbEntity
  8
DIMENSIONS
100
AcDbLine
 10
2108.0
 20
370.0
 30
0.0
 11
2120.0
 21
370.0
 31
0.0
1001
HANOK_PORTRAIT_DL
1000
{"kind":"dim","detail":"J3","view":null}
  0
LINE
  5
259
330
17
100
AcDbEntity
  8
DIMENSIONS
100
AcDbLine
 10
2118.0
 20
350.0
 30
0.0
 11
2118.0
 21
370.0
 31
0.0
1001
HANOK_PORTRAIT_DL
1000
{"kind":"dim","detail":"J3","view":null}
  0
LINE
  5
25A
330
17
100
AcDbEntity
  8
DIMENSIONS
100
AcDbLine
 10
2118.0
 20
350.0
 30
0.0
 11
2116.5
 21
353.0
 31
0.0
1001
HANOK_PORTRAIT_DL
1000
{"kind":"dim","detail":"J3","view":null}
  0
LINE
  5
25B
330
17
100
AcDbEntity
  8
DIMENSIONS
100
AcDbLine
 10
2118.0
 20
350.0
 30
0.0
 11
2119.5
 21
353.0
 31
0.0
1001
HANOK_PORTRAIT_DL
1000
{"kind":"dim","detail":"J3","view":null}
  0
LINE
  5
25C
330
17
100
AcDbEntity
  8
DIMENSIONS
100
AcDbLine
 10
2118.0
 20
370.0
 30
0.0
 11
2116.5
 21
367.0
 31
0.0
1001
HANOK_PORTRAIT_DL
1000
{"kind":"dim","detail":"J3","view":null}
  0
LINE
  5
25D
330
17
100
AcDbEntity
  8
DIMENSIONS
100
AcDbLine
 10
2118.0
 20
370.0
 30
0.0
 11
2119.5
 21
367.0
 31
0.0
1001
HANOK_PORTRAIT_DL
1000
{"kind":"dim","detail":"J3","view":null}
  0
TEXT
  5
25E
330
17
100
AcDbEntity
  8
DIMENSIONS
100
AcDbText
 10
2122.0
 20
360.0
 30
0.0
 40
3.6
  1
20
 50
90.0
 72
1
 11
2122.0
 21
360.0
 31
0.0
100
AcDbText
 73
2
1001
HANOK_PORTRAIT_DL
1000
{"text_align":"center","kind":"dim","detail":"J3","view":null}
  0
LINE
  5
25F
330
17
100
AcDbEntity
  8
DIMENSIONS
100
AcDbLine
 10
2088.0
 20
360.0
 30
0.0
 11
2136.0
 21
360.0
 31
0.0
1001
HANOK_PORTRAIT_DL
1000
{"kind":"dim","detail":"J3","view":null}
  0
LINE
  5
260
330
17
100
AcDbEntity
  8
DIMENSIONS
100
AcDbLine
 10
2088.0
 20
370.0
 30
0.0
 11
2136.0
 21
370.0
 31
0.0
1001
HANOK_PORTRAIT_DL
1000
{"kind":"dim","detail":"J3","view":null}
  0
LINE
  5
261
330
17
100
AcDbEntity
  8
DIMENSIONS
100
AcDbLine
 10
2134.0
 20
360.0
 30
0.0
 11
2134.0
 21
370.0
 31
0.0
1001
HANOK_PORTRAIT_DL
1000
{"kind":"dim","detail":"J3","view":null}
  0
LINE
  5
262
330
17
100
AcDbEntity
  8
DIMENSIONS
100
AcDbLine
 10
2134.0
 20
360.0
 30
0.0
 11
2133.0
 21
362.0
 31
0.0
1001
HANOK_PORTRAIT_DL
1000
{"kind":"dim","detail":"J3","view":null}
  0
LINE
  5
263
330
17
100
AcDbEntity
  8
DIMENSIONS
100
AcDbLine
 10
2134.0
 20
360.0
 30
0.0
 11
2135.0
 21
362.0
 31
0.0
1001
HANOK_PORTRAIT_DL
1000
{"kind":"dim","detail":"J3","view":null}
  0
LINE
  5
264
330
17
100
AcDbEntity
  8
DIMENSIONS
100
AcDbLine
 10
2134.0
 20
370.0
 30
0.0
 11
2133.0
 21
368.0
 31
0.0
1001
HANOK_PORTRAIT_DL
1000
{"kind":"dim","detail":"J3","view":null}
  0
LINE
  5
265
330
17
100
AcDbEntity
  8
DIMENSIONS
100
AcDbLine
 10
2134.0
 20
370.0
 30
0.0
 11
2135.0
 21
368.0
 31
0.0
1001
HANOK_PORTRAIT_DL
1000
{"kind":"dim","detail":"J3","view":null}
  0
TEXT
  5
266
330
17
100
AcDbEntity
  8
DIMENSIONS
100
AcDbText
 10
2138.0
 20
365.0
 30
0.0
 40
3.6
  1
10 depth
 50
90.0
 72
1
 11
2138.0
 21
365.0
 31
0.0
100
AcDbText
 73
2
1001
HANOK_PORTRAIT_DL
1000
{"text_align":"center","kind":"dim","detail":"J3","view":null}
  0
TEXT
  5
267
330
17
100
AcDbEntity
  8
NOTES
100
AcDbText
 10
1988.0
 20
385.0
 30
0.0
 40
4.0
  1
ASSEMBLED SECTION - front and back remain flush
 11
1988.0
 21
385.0
 31
0.0
100
AcDbText
 73
2
1001
HANOK_PORTRAIT_DL
1000
{"text_align":"left","detail":"J3","view":"detail","detail_part_kinds":["L01","L02"],"joint_type":"J3"}
  0
TEXT
  5
268
330
17
100
AcDbEntity
  8
NOTES
100
AcDbText
 10
1983.0
 20
328.0
 30
0.0
 40
3.3
  1
Slots span the entire 10 mm bar width. No closed-side dogbones.
 11
1983.0
 21
328.0
 31
0.0
100
AcDbText
 73
2
1001
HANOK_PORTRAIT_DL
1000
{"text_align":"left","detail":"J3","view":"detail","detail_part_kinds":["L01","L02"],"joint_type":"J3"}
  0
TEXT
  5
269
330
17
100
AcDbEntity
  8
NOTES
100
AcDbText
 10
1983.0
 20
317.0
 30
0.0
 40
3.2
  1
REFERENCE ONLY / DXF 1:1 / PNG enlarged
 11
1983.0
 21
317.0
 31
0.0
100
AcDbText
 73
2
1001
HANOK_PORTRAIT_DL
1000
{"text_align":"left","detail":"J3","view":"detail","detail_part_kinds":["L01","L02"],"joint_type":"J3"}
  0
LWPOLYLINE
  5
26A
330
17
100
AcDbEntity
  8
NOTES
100
AcDbPolyline
 90
4
 70
1
 10
2243.0
 20
310.0
 10
2483.0
 20
310.0
 10
2483.0
 20
500.0
 10
2243.0
 20
500.0
1001
HANOK_PORTRAIT_DL
1000
{"kind":"detail_border","detail":"J4V","view":"detail","detail_part_kinds":["S02","L01"],"joint_type":"J4"}
  0
TEXT
  5
26B
330
17
100
AcDbEntity
  8
NOTES
100
AcDbText
 10
2253.0
 20
488.0
 30
0.0
 40
7.0
  1
J4V  LATTICE-TO-SASH SEAT
 11
2253.0
 21
488.0
 31
0.0
100
AcDbText
 73
2
1001
HANOK_PORTRAIT_DL
1000
{"text_align":"left","detail":"J4V","view":"detail","detail_part_kinds":["S02","L01"],"joint_type":"J4"}
  0
TEXT
  5
26C
330
17
100
AcDbEntity
  8
NOTES
100
AcDbText
 10
2253.0
 20
474.0
 30
0.0
 40
4.7
  1
10 x 10 pocket / depth 10 / stock 20
 11
2253.0
 21
474.0
 31
0.0
100
AcDbText
 73
2
1001
HANOK_PORTRAIT_DL
1000
{"text_align":"left","detail":"J4V","view":"detail","detail_part_kinds":["S02","L01"],"joint_type":"J4"}
  0
TEXT
  5
26D
330
17
100
AcDbEntity
  8
NOTES
100
AcDbText
 10
2258.0
 20
458.0
 30
0.0
 40
3.9
  1
S02 receiver / A -> BACK
 11
2258.0
 21
458.0
 31
0.0
100
AcDbText
 73
2
1001
HANOK_PORTRAIT_DL
1000
{"text_align":"left","detail":"J4V","view":"detail","detail_part_kinds":["S02","L01"],"joint_type":"J4"}
  0
TEXT
  5
26E
330
17
100
AcDbEntity
  8
NOTES
100
AcDbText
 10
2378.0
 20
458.0
 30
0.0
 40
3.9
  1
L01 end / A -> FRONT
 11
2378.0
 21
458.0
 31
0.0
100
AcDbText
 73
2
1001
HANOK_PORTRAIT_DL
1000
{"text_align":"left","detail":"J4V","view":"detail","detail_part_kinds":["S02","L01"],"joint_type":"J4"}
  0
LWPOLYLINE
  5
26F
330
17
100
AcDbEntity
  8
JOINT_DETAILS_REF
100
AcDbPolyline
 90
4
 70
1
 10
2258.0
 20
417.0
 10
2338.0
 20
417.0
 10
2338.0
 20
447.0
 10
2258.0
 20
447.0
1001
HANOK_PORTRAIT_DL
1000
{"role":"body","detail":"J4V","view":"detail","detail_part_kinds":["S02","L01"],"joint_type":"J4"}
  0
LWPOLYLINE
  5
270
330
17
100
AcDbEntity
  8
JOINT_DETAILS_REF
100
AcDbPolyline
 90
4
 70
1
 10
2378.0
 20
427.0
 10
2448.0
 20
427.0
 10
2448.0
 20
437.0
 10
2378.0
 20
437.0
1001
HANOK_PORTRAIT_DL
1000
{"role":"body","detail":"J4V","view":"detail","detail_part_kinds":["S02","L01"],"joint_type":"J4"}
  0
LWPOLYLINE
  5
271
330
17
100
AcDbEntity
  8
JOINT_DETAILS_REF
100
AcDbPolyline
 90
4
 70
1
 10
2288.0
 20
437.0
 10
2298.0
 20
437.0
 10
2298.0
 20
447.0
 10
2288.0
 20
447.0
1001
HANOK_PORTRAIT_DL
1000
{"role":"pocket","detail":"J4V","view":"detail","detail_part_kinds":["S02","L01"],"joint_type":"J4"}
  0
LWPOLYLINE
  5
272
330
17
100
AcDbEntity
  8
JOINT_DETAILS_REF
100
AcDbPolyline
 90
4
 70
1
 10
2378.0
 20
427.0
 10
2388.0
 20
427.0
 10
2388.0
 20
437.0
 10
2378.0
 20
437.0
1001
HANOK_PORTRAIT_DL
1000
{"role":"pocket","detail":"J4V","view":"detail","detail_part_kinds":["S02","L01"],"joint_type":"J4"}
  0
LWPOLYLINE
  5
273
330
17
100
AcDbEntity
  8
JOINT_DETAILS_REF
100
AcDbPolyline
 90
2
 70
1
 10
2291.2
 20
437.0
 42
1.0
 10
2284.8
 20
437.0
 42
1.0
1001
HANOK_PORTRAIT_DL
1000
{"role":"dogbone","detail":"J4V","view":"detail","detail_part_kinds":["S02","L01"],"joint_type":"J4","radius_mm":3.2}
  0
LWPOLYLINE
  5
274
330
17
100
AcDbEntity
  8
JOINT_DETAILS_REF
100
AcDbPolyline
 90
2
 70
1
 10
2301.2
 20
437.0
 42
1.0
 10
2294.8
 20
437.0
 42
1.0
1001
HANOK_PORTRAIT_DL
1000
{"role":"dogbone","detail":"J4V","view":"detail","detail_part_kinds":["S02","L01"],"joint_type":"J4","radius_mm":3.2}
  0
LINE
  5
275
330
17
100
AcDbEntity
  8
DIMENSIONS
100
AcDbLine
 10
2288.0
 20
437.0
 30
0.0
 11
2288.0
 21
424.0
 31
0.0
1001
HANOK_PORTRAIT_DL
1000
{"kind":"dim","detail":"J4V","view":null}
  0
LINE
  5
276
330
17
100
AcDbEntity
  8
DIMENSIONS
100
AcDbLine
 10
2298.0
 20
437.0
 30
0.0
 11
2298.0
 21
424.0
 31
0.0
1001
HANOK_PORTRAIT_DL
1000
{"kind":"dim","detail":"J4V","view":null}
  0
LINE
  5
277
330
17
100
AcDbEntity
  8
DIMENSIONS
100
AcDbLine
 10
2288.0
 20
426.0
 30
0.0
 11
2298.0
 21
426.0
 31
0.0
1001
HANOK_PORTRAIT_DL
1000
{"kind":"dim","detail":"J4V","view":null}
  0
LINE
  5
278
330
17
100
AcDbEntity
  8
DIMENSIONS
100
AcDbLine
 10
2288.0
 20
426.0
 30
0.0
 11
2290.0
 21
427.0
 31
0.0
1001
HANOK_PORTRAIT_DL
1000
{"kind":"dim","detail":"J4V","view":null}
  0
LINE
  5
279
330
17
100
AcDbEntity
  8
DIMENSIONS
100
AcDbLine
 10
2288.0
 20
426.0
 30
0.0
 11
2290.0
 21
425.0
 31
0.0
1001
HANOK_PORTRAIT_DL
1000
{"kind":"dim","detail":"J4V","view":null}
  0
LINE
  5
27A
330
17
100
AcDbEntity
  8
DIMENSIONS
100
AcDbLine
 10
2298.0
 20
426.0
 30
0.0
 11
2296.0
 21
427.0
 31
0.0
1001
HANOK_PORTRAIT_DL
1000
{"kind":"dim","detail":"J4V","view":null}
  0
LINE
  5
27B
330
17
100
AcDbEntity
  8
DIMENSIONS
100
AcDbLine
 10
2298.0
 20
426.0
 30
0.0
 11
2296.0
 21
425.0
 31
0.0
1001
HANOK_PORTRAIT_DL
1000
{"kind":"dim","detail":"J4V","view":null}
  0
TEXT
  5
27C
330
17
100
AcDbEntity
  8
DIMENSIONS
100
AcDbText
 10
2293.0
 20
430.0
 30
0.0
 40
3.6
  1
10
 72
1
 11
2293.0
 21
430.0
 31
0.0
100
AcDbText
 73
2
1001
HANOK_PORTRAIT_DL
1000
{"text_align":"center","kind":"dim","detail":"J4V","view":null}
  0
LINE
  5
27D
330
17
100
AcDbEntity
  8
DIMENSIONS
100
AcDbLine
 10
2338.0
 20
437.0
 30
0.0
 11
2350.0
 21
437.0
 31
0.0
1001
HANOK_PORTRAIT_DL
1000
{"kind":"dim","detail":"J4V","view":null}
  0
LINE
  5
27E
330
17
100
AcDbEntity
  8
DIMENSIONS
100
AcDbLine
 10
2338.0
 20
447.0
 30
0.0
 11
2350.0
 21
447.0
 31
0.0
1001
HANOK_PORTRAIT_DL
1000
{"kind":"dim","detail":"J4V","view":null}
  0
LINE
  5
27F
330
17
100
AcDbEntity
  8
DIMENSIONS
100
AcDbLine
 10
2348.0
 20
437.0
 30
0.0
 11
2348.0
 21
447.0
 31
0.0
1001
HANOK_PORTRAIT_DL
1000
{"kind":"dim","detail":"J4V","view":null}
  0
LINE
  5
280
330
17
100
AcDbEntity
  8
DIMENSIONS
100
AcDbLine
 10
2348.0
 20
437.0
 30
0.0
 11
2347.0
 21
439.0
 31
0.0
1001
HANOK_PORTRAIT_DL
1000
{"kind":"dim","detail":"J4V","view":null}
  0
LINE
  5
281
330
17
100
AcDbEntity
  8
DIMENSIONS
100
AcDbLine
 10
2348.0
 20
437.0
 30
0.0
 11
2349.0
 21
439.0
 31
0.0
1001
HANOK_PORTRAIT_DL
1000
{"kind":"dim","detail":"J4V","view":null}
  0
LINE
  5
282
330
17
100
AcDbEntity
  8
DIMENSIONS
100
AcDbLine
 10
2348.0
 20
447.0
 30
0.0
 11
2347.0
 21
445.0
 31
0.0
1001
HANOK_PORTRAIT_DL
1000
{"kind":"dim","detail":"J4V","view":null}
  0
LINE
  5
283
330
17
100
AcDbEntity
  8
DIMENSIONS
100
AcDbLine
 10
2348.0
 20
447.0
 30
0.0
 11
2349.0
 21
445.0
 31
0.0
1001
HANOK_PORTRAIT_DL
1000
{"kind":"dim","detail":"J4V","view":null}
  0
TEXT
  5
284
330
17
100
AcDbEntity
  8
DIMENSIONS
100
AcDbText
 10
2352.0
 20
442.0
 30
0.0
 40
3.6
  1
10 lap
 50
90.0
 72
1
 11
2352.0
 21
442.0
 31
0.0
100
AcDbText
 73
2
1001
HANOK_PORTRAIT_DL
1000
{"text_align":"center","kind":"dim","detail":"J4V","view":null}
  0
LINE
  5
285
330
17
100
AcDbEntity
  8
DIMENSIONS
100
AcDbLine
 10
2378.0
 20
427.0
 30
0.0
 11
2378.0
 21
413.0
 31
0.0
1001
HANOK_PORTRAIT_DL
1000
{"kind":"dim","detail":"J4V","view":null}
  0
LINE
  5
286
330
17
100
AcDbEntity
  8
DIMENSIONS
100
AcDbLine
 10
2388.0
 20
427.0
 30
0.0
 11
2388.0
 21
413.0
 31
0.0
1001
HANOK_PORTRAIT_DL
1000
{"kind":"dim","detail":"J4V","view":null}
  0
LINE
  5
287
330
17
100
AcDbEntity
  8
DIMENSIONS
100
AcDbLine
 10
2378.0
 20
415.0
 30
0.0
 11
2388.0
 21
415.0
 31
0.0
1001
HANOK_PORTRAIT_DL
1000
{"kind":"dim","detail":"J4V","view":null}
  0
LINE
  5
288
330
17
100
AcDbEntity
  8
DIMENSIONS
100
AcDbLine
 10
2378.0
 20
415.0
 30
0.0
 11
2380.0
 21
416.0
 31
0.0
1001
HANOK_PORTRAIT_DL
1000
{"kind":"dim","detail":"J4V","view":null}
  0
LINE
  5
289
330
17
100
AcDbEntity
  8
DIMENSIONS
100
AcDbLine
 10
2378.0
 20
415.0
 30
0.0
 11
2380.0
 21
414.0
 31
0.0
1001
HANOK_PORTRAIT_DL
1000
{"kind":"dim","detail":"J4V","view":null}
  0
LINE
  5
28A
330
17
100
AcDbEntity
  8
DIMENSIONS
100
AcDbLine
 10
2388.0
 20
415.0
 30
0.0
 11
2386.0
 21
416.0
 31
0.0
1001
HANOK_PORTRAIT_DL
1000
{"kind":"dim","detail":"J4V","view":null}
  0
LINE
  5
28B
330
17
100
AcDbEntity
  8
DIMENSIONS
100
AcDbLine
 10
2388.0
 20
415.0
 30
0.0
 11
2386.0
 21
414.0
 31
0.0
1001
HANOK_PORTRAIT_DL
1000
{"kind":"dim","detail":"J4V","view":null}
  0
TEXT
  5
28C
330
17
100
AcDbEntity
  8
DIMENSIONS
100
AcDbText
 10
2383.0
 20
419.0
 30
0.0
 40
3.6
  1
10
 72
1
 11
2383.0
 21
419.0
 31
0.0
100
AcDbText
 73
2
1001
HANOK_PORTRAIT_DL
1000
{"text_align":"center","kind":"dim","detail":"J4V","view":null}
  0
TEXT
  5
28D
330
17
100
AcDbEntity
  8
NOTES
100
AcDbText
 10
2258.0
 20
392.0
 30
0.0
 40
3.7
  1
2 x R3.2 at closed corners; union with nominal pocket
 11
2258.0
 21
392.0
 31
0.0
100
AcDbText
 73
2
1001
HANOK_PORTRAIT_DL
1000
{"text_align":"left","detail":"J4V","view":"detail","detail_part_kinds":["S02","L01"],"joint_type":"J4"}
  0
LWPOLYLINE
  5
28E
330
17
100
AcDbEntity
  8
JOINT_DETAILS_REF
100
AcDbPolyline
 90
6
 70
1
 10
2326.0
 20
345.0
 10
2346.0
 20
345.0
 10
2346.0
 20
355.0
 10
2356.0
 20
355.0
 10
2356.0
 20
365.0
 10
2326.0
 20
365.0
1001
HANOK_PORTRAIT_DL
1000
{"role":"section_front","detail":"J4V","view":"detail","detail_part_kinds":["S02","L01"],"joint_type":"J4"}
  0
LWPOLYLINE
  5
28F
330
17
100
AcDbEntity
  8
JOINT_DETAILS_REF
100
AcDbPolyline
 90
6
 70
1
 10
2346.0
 20
345.0
 10
2381.0
 20
345.0
 10
2381.0
 20
365.0
 10
2356.0
 20
365.0
 10
2356.0
 20
355.0
 10
2346.0
 20
355.0
1001
HANOK_PORTRAIT_DL
1000
{"role":"section_back","detail":"J4V","view":"detail","detail_part_kinds":["S02","L01"],"joint_type":"J4"}
  0
LINE
  5
290
330
17
100
AcDbEntity
  8
DIMENSIONS
100
AcDbLine
 10
2381.0
 20
345.0
 30
0.0
 11
2393.0
 21
345.0
 31
0.0
1001
HANOK_PORTRAIT_DL
1000
{"kind":"dim","detail":"J4V","view":null}
  0
LINE
  5
291
330
17
100
AcDbEntity
  8
DIMENSIONS
100
AcDbLine
 10
2381.0
 20
365.0
 30
0.0
 11
2393.0
 21
365.0
 31
0.0
1001
HANOK_PORTRAIT_DL
1000
{"kind":"dim","detail":"J4V","view":null}
  0
LINE
  5
292
330
17
100
AcDbEntity
  8
DIMENSIONS
100
AcDbLine
 10
2391.0
 20
345.0
 30
0.0
 11
2391.0
 21
365.0
 31
0.0
1001
HANOK_PORTRAIT_DL
1000
{"kind":"dim","detail":"J4V","view":null}
  0
LINE
  5
293
330
17
100
AcDbEntity
  8
DIMENSIONS
100
AcDbLine
 10
2391.0
 20
345.0
 30
0.0
 11
2389.5
 21
348.0
 31
0.0
1001
HANOK_PORTRAIT_DL
1000
{"kind":"dim","detail":"J4V","view":null}
  0
LINE
  5
294
330
17
100
AcDbEntity
  8
DIMENSIONS
100
AcDbLine
 10
2391.0
 20
345.0
 30
0.0
 11
2392.5
 21
348.0
 31
0.0
1001
HANOK_PORTRAIT_DL
1000
{"kind":"dim","detail":"J4V","view":null}
  0
LINE
  5
295
330
17
100
AcDbEntity
  8
DIMENSIONS
100
AcDbLine
 10
2391.0
 20
365.0
 30
0.0
 11
2389.5
 21
362.0
 31
0.0
1001
HANOK_PORTRAIT_DL
1000
{"kind":"dim","detail":"J4V","view":null}
  0
LINE
  5
296
330
17
100
AcDbEntity
  8
DIMENSIONS
100
AcDbLine
 10
2391.0
 20
365.0
 30
0.0
 11
2392.5
 21
362.0
 31
0.0
1001
HANOK_PORTRAIT_DL
1000
{"kind":"dim","detail":"J4V","view":null}
  0
TEXT
  5
297
330
17
100
AcDbEntity
  8
DIMENSIONS
100
AcDbText
 10
2395.0
 20
355.0
 30
0.0
 40
3.6
  1
20
 50
90.0
 72
1
 11
2395.0
 21
355.0
 31
0.0
100
AcDbText
 73
2
1001
HANOK_PORTRAIT_DL
1000
{"text_align":"center","kind":"dim","detail":"J4V","view":null}
  0
LINE
  5
298
330
17
100
AcDbEntity
  8
DIMENSIONS
100
AcDbLine
 10
2356.0
 20
355.0
 30
0.0
 11
2409.0
 21
355.0
 31
0.0
1001
HANOK_PORTRAIT_DL
1000
{"kind":"dim","detail":"J4V","view":null}
  0
LINE
  5
299
330
17
100
AcDbEntity
  8
DIMENSIONS
100
AcDbLine
 10
2356.0
 20
365.0
 30
0.0
 11
2409.0
 21
365.0
 31
0.0
1001
HANOK_PORTRAIT_DL
1000
{"kind":"dim","detail":"J4V","view":null}
  0
LINE
  5
29A
330
17
100
AcDbEntity
  8
DIMENSIONS
100
AcDbLine
 10
2407.0
 20
355.0
 30
0.0
 11
2407.0
 21
365.0
 31
0.0
1001
HANOK_PORTRAIT_DL
1000
{"kind":"dim","detail":"J4V","view":null}
  0
LINE
  5
29B
330
17
100
AcDbEntity
  8
DIMENSIONS
100
AcDbLine
 10
2407.0
 20
355.0
 30
0.0
 11
2406.0
 21
357.0
 31
0.0
1001
HANOK_PORTRAIT_DL
1000
{"kind":"dim","detail":"J4V","view":null}
  0
LINE
  5
29C
330
17
100
AcDbEntity
  8
DIMENSIONS
100
AcDbLine
 10
2407.0
 20
355.0
 30
0.0
 11
2408.0
 21
357.0
 31
0.0
1001
HANOK_PORTRAIT_DL
1000
{"kind":"dim","detail":"J4V","view":null}
  0
LINE
  5
29D
330
17
100
AcDbEntity
  8
DIMENSIONS
100
AcDbLine
 10
2407.0
 20
365.0
 30
0.0
 11
2406.0
 21
363.0
 31
0.0
1001
HANOK_PORTRAIT_DL
1000
{"kind":"dim","detail":"J4V","view":null}
  0
LINE
  5
29E
330
17
100
AcDbEntity
  8
DIMENSIONS
100
AcDbLine
 10
2407.0
 20
365.0
 30
0.0
 11
2408.0
 21
363.0
 31
0.0
1001
HANOK_PORTRAIT_DL
1000
{"kind":"dim","detail":"J4V","view":null}
  0
TEXT
  5
29F
330
17
100
AcDbEntity
  8
DIMENSIONS
100
AcDbText
 10
2411.0
 20
360.0
 30
0.0
 40
3.6
  1
10 depth
 50
90.0
 72
1
 11
2411.0
 21
360.0
 31
0.0
100
AcDbText
 73
2
1001
HANOK_PORTRAIT_DL
1000
{"text_align":"center","kind":"dim","detail":"J4V","view":null}
  0
LINE
  5
2A0
330
17
100
AcDbEntity
  8
DIMENSIONS
100
AcDbLine
 10
2346.0
 20
345.0
 30
0.0
 11
2346.0
 21
331.0
 31
0.0
1001
HANOK_PORTRAIT_DL
1000
{"kind":"dim","detail":"J4V","view":null}
  0
LINE
  5
2A1
330
17
100
AcDbEntity
  8
DIMENSIONS
100
AcDbLine
 10
2356.0
 20
345.0
 30
0.0
 11
2356.0
 21
331.0
 31
0.0
1001
HANOK_PORTRAIT_DL
1000
{"kind":"dim","detail":"J4V","view":null}
  0
LINE
  5
2A2
330
17
100
AcDbEntity
  8
DIMENSIONS
100
AcDbLine
 10
2346.0
 20
333.0
 30
0.0
 11
2356.0
 21
333.0
 31
0.0
1001
HANOK_PORTRAIT_DL
1000
{"kind":"dim","detail":"J4V","view":null}
  0
LINE
  5
2A3
330
17
100
AcDbEntity
  8
DIMENSIONS
100
AcDbLine
 10
2346.0
 20
333.0
 30
0.0
 11
2348.0
 21
334.0
 31
0.0
1001
HANOK_PORTRAIT_DL
1000
{"kind":"dim","detail":"J4V","view":null}
  0
LINE
  5
2A4
330
17
100
AcDbEntity
  8
DIMENSIONS
100
AcDbLine
 10
2346.0
 20
333.0
 30
0.0
 11
2348.0
 21
332.0
 31
0.0
1001
HANOK_PORTRAIT_DL
1000
{"kind":"dim","detail":"J4V","view":null}
  0
LINE
  5
2A5
330
17
100
AcDbEntity
  8
DIMENSIONS
100
AcDbLine
 10
2356.0
 20
333.0
 30
0.0
 11
2354.0
 21
334.0
 31
0.0
1001
HANOK_PORTRAIT_DL
1000
{"kind":"dim","detail":"J4V","view":null}
  0
LINE
  5
2A6
330
17
100
AcDbEntity
  8
DIMENSIONS
100
AcDbLine
 10
2356.0
 20
333.0
 30
0.0
 11
2354.0
 21
332.0
 31
0.0
1001
HANOK_PORTRAIT_DL
1000
{"kind":"dim","detail":"J4V","view":null}
  0
TEXT
  5
2A7
330
17
100
AcDbEntity
  8
DIMENSIONS
100
AcDbText
 10
2351.0
 20
337.0
 30
0.0
 40
3.6
  1
10 lap
 72
1
 11
2351.0
 21
337.0
 31
0.0
100
AcDbText
 73
2
1001
HANOK_PORTRAIT_DL
1000
{"text_align":"center","kind":"dim","detail":"J4V","view":null}
  0
TEXT
  5
2A8
330
17
100
AcDbEntity
  8
NOTES
100
AcDbText
 10
2258.0
 20
377.0
 30
0.0
 40
4.0
  1
ASSEMBLED SECTION / 10 mm seat depth, 10 mm in Z
 11
2258.0
 21
377.0
 31
0.0
100
AcDbText
 73
2
1001
HANOK_PORTRAIT_DL
1000
{"text_align":"left","detail":"J4V","view":"detail","detail_part_kinds":["S02","L01"],"joint_type":"J4"}
  0
TEXT
  5
2A9
330
17
100
AcDbEntity
  8
NOTES
100
AcDbText
 10
2253.0
 20
328.0
 30
0.0
 40
3.4
  1
S02 + L01: 8 end joints in this design.
 11
2253.0
 21
328.0
 31
0.0
100
AcDbText
 73
2
1001
HANOK_PORTRAIT_DL
1000
{"text_align":"left","detail":"J4V","view":"detail","detail_part_kinds":["S02","L01"],"joint_type":"J4"}
  0
TEXT
  5
2AA
330
17
100
AcDbEntity
  8
NOTES
100
AcDbText
 10
2253.0
 20
317.0
 30
0.0
 40
3.2
  1
REFERENCE ONLY / DXF 1:1 / PNG enlarged
 11
2253.0
 21
317.0
 31
0.0
100
AcDbText
 73
2
1001
HANOK_PORTRAIT_DL
1000
{"text_align":"left","detail":"J4V","view":"detail","detail_part_kinds":["S02","L01"],"joint_type":"J4"}
  0
LWPOLYLINE
  5
2AB
330
17
100
AcDbEntity
  8
NOTES
100
AcDbPolyline
 90
4
 70
1
 10
1973.0
 20
100.0
 10
2213.0
 20
100.0
 10
2213.0
 20
290.0
 10
1973.0
 20
290.0
1001
HANOK_PORTRAIT_DL
1000
{"kind":"detail_border","detail":"J4H","view":"detail","detail_part_kinds":["S01","L02"],"joint_type":"J4"}
  0
TEXT
  5
2AC
330
17
100
AcDbEntity
  8
NOTES
100
AcDbText
 10
1983.0
 20
278.0
 30
0.0
 40
7.0
  1
J4H  LATTICE-TO-SASH SEAT
 11
1983.0
 21
278.0
 31
0.0
100
AcDbText
 73
2
1001
HANOK_PORTRAIT_DL
1000
{"text_align":"left","detail":"J4H","view":"detail","detail_part_kinds":["S01","L02"],"joint_type":"J4"}
  0
TEXT
  5
2AD
330
17
100
AcDbEntity
  8
NOTES
100
AcDbText
 10
1983.0
 20
264.0
 30
0.0
 40
4.7
  1
10 x 10 pocket / depth 10 / stock 20
 11
1983.0
 21
264.0
 31
0.0
100
AcDbText
 73
2
1001
HANOK_PORTRAIT_DL
1000
{"text_align":"left","detail":"J4H","view":"detail","detail_part_kinds":["S01","L02"],"joint_type":"J4"}
  0
TEXT
  5
2AE
330
17
100
AcDbEntity
  8
NOTES
100
AcDbText
 10
1988.0
 20
248.0
 30
0.0
 40
3.9
  1
S01 receiver / A -> FRONT
 11
1988.0
 21
248.0
 31
0.0
100
AcDbText
 73
2
1001
HANOK_PORTRAIT_DL
1000
{"text_align":"left","detail":"J4H","view":"detail","detail_part_kinds":["S01","L02"],"joint_type":"J4"}
  0
TEXT
  5
2AF
330
17
100
AcDbEntity
  8
NOTES
100
AcDbText
 10
2108.0
 20
248.0
 30
0.0
 40
3.9
  1
L02 end / A -> BACK
 11
2108.0
 21
248.0
 31
0.0
100
AcDbText
 73
2
1001
HANOK_PORTRAIT_DL
1000
{"text_align":"left","detail":"J4H","view":"detail","detail_part_kinds":["S01","L02"],"joint_type":"J4"}
  0
LWPOLYLINE
  5
2B0
330
17
100
AcDbEntity
  8
JOINT_DETAILS_REF
100
AcDbPolyline
 90
4
 70
1
 10
1988.0
 20
207.0
 10
2068.0
 20
207.0
 10
2068.0
 20
237.0
 10
1988.0
 20
237.0
1001
HANOK_PORTRAIT_DL
1000
{"role":"body","detail":"J4H","view":"detail","detail_part_kinds":["S01","L02"],"joint_type":"J4"}
  0
LWPOLYLINE
  5
2B1
330
17
100
AcDbEntity
  8
JOINT_DETAILS_REF
100
AcDbPolyline
 90
4
 70
1
 10
2108.0
 20
217.0
 10
2178.0
 20
217.0
 10
2178.0
 20
227.0
 10
2108.0
 20
227.0
1001
HANOK_PORTRAIT_DL
1000
{"role":"body","detail":"J4H","view":"detail","detail_part_kinds":["S01","L02"],"joint_type":"J4"}
  0
LWPOLYLINE
  5
2B2
330
17
100
AcDbEntity
  8
JOINT_DETAILS_REF
100
AcDbPolyline
 90
4
 70
1
 10
2018.0
 20
227.0
 10
2028.0
 20
227.0
 10
2028.0
 20
237.0
 10
2018.0
 20
237.0
1001
HANOK_PORTRAIT_DL
1000
{"role":"pocket","detail":"J4H","view":"detail","detail_part_kinds":["S01","L02"],"joint_type":"J4"}
  0
LWPOLYLINE
  5
2B3
330
17
100
AcDbEntity
  8
JOINT_DETAILS_REF
100
AcDbPolyline
 90
4
 70
1
 10
2108.0
 20
217.0
 10
2118.0
 20
217.0
 10
2118.0
 20
227.0
 10
2108.0
 20
227.0
1001
HANOK_PORTRAIT_DL
1000
{"role":"pocket","detail":"J4H","view":"detail","detail_part_kinds":["S01","L02"],"joint_type":"J4"}
  0
LWPOLYLINE
  5
2B4
330
17
100
AcDbEntity
  8
JOINT_DETAILS_REF
100
AcDbPolyline
 90
2
 70
1
 10
2021.2
 20
227.0
 42
1.0
 10
2014.8
 20
227.0
 42
1.0
1001
HANOK_PORTRAIT_DL
1000
{"role":"dogbone","detail":"J4H","view":"detail","detail_part_kinds":["S01","L02"],"joint_type":"J4","radius_mm":3.2}
  0
LWPOLYLINE
  5
2B5
330
17
100
AcDbEntity
  8
JOINT_DETAILS_REF
100
AcDbPolyline
 90
2
 70
1
 10
2031.2
 20
227.0
 42
1.0
 10
2024.8
 20
227.0
 42
1.0
1001
HANOK_PORTRAIT_DL
1000
{"role":"dogbone","detail":"J4H","view":"detail","detail_part_kinds":["S01","L02"],"joint_type":"J4","radius_mm":3.2}
  0
LINE
  5
2B6
330
17
100
AcDbEntity
  8
DIMENSIONS
100
AcDbLine
 10
2018.0
 20
227.0
 30
0.0
 11
2018.0
 21
214.0
 31
0.0
1001
HANOK_PORTRAIT_DL
1000
{"kind":"dim","detail":"J4H","view":null}
  0
LINE
  5
2B7
330
17
100
AcDbEntity
  8
DIMENSIONS
100
AcDbLine
 10
2028.0
 20
227.0
 30
0.0
 11
2028.0
 21
214.0
 31
0.0
1001
HANOK_PORTRAIT_DL
1000
{"kind":"dim","detail":"J4H","view":null}
  0
LINE
  5
2B8
330
17
100
AcDbEntity
  8
DIMENSIONS
100
AcDbLine
 10
2018.0
 20
216.0
 30
0.0
 11
2028.0
 21
216.0
 31
0.0
1001
HANOK_PORTRAIT_DL
1000
{"kind":"dim","detail":"J4H","view":null}
  0
LINE
  5
2B9
330
17
100
AcDbEntity
  8
DIMENSIONS
100
AcDbLine
 10
2018.0
 20
216.0
 30
0.0
 11
2020.0
 21
217.0
 31
0.0
1001
HANOK_PORTRAIT_DL
1000
{"kind":"dim","detail":"J4H","view":null}
  0
LINE
  5
2BA
330
17
100
AcDbEntity
  8
DIMENSIONS
100
AcDbLine
 10
2018.0
 20
216.0
 30
0.0
 11
2020.0
 21
215.0
 31
0.0
1001
HANOK_PORTRAIT_DL
1000
{"kind":"dim","detail":"J4H","view":null}
  0
LINE
  5
2BB
330
17
100
AcDbEntity
  8
DIMENSIONS
100
AcDbLine
 10
2028.0
 20
216.0
 30
0.0
 11
2026.0
 21
217.0
 31
0.0
1001
HANOK_PORTRAIT_DL
1000
{"kind":"dim","detail":"J4H","view":null}
  0
LINE
  5
2BC
330
17
100
AcDbEntity
  8
DIMENSIONS
100
AcDbLine
 10
2028.0
 20
216.0
 30
0.0
 11
2026.0
 21
215.0
 31
0.0
1001
HANOK_PORTRAIT_DL
1000
{"kind":"dim","detail":"J4H","view":null}
  0
TEXT
  5
2BD
330
17
100
AcDbEntity
  8
DIMENSIONS
100
AcDbText
 10
2023.0
 20
220.0
 30
0.0
 40
3.6
  1
10
 72
1
 11
2023.0
 21
220.0
 31
0.0
100
AcDbText
 73
2
1001
HANOK_PORTRAIT_DL
1000
{"text_align":"center","kind":"dim","detail":"J4H","view":null}
  0
LINE
  5
2BE
330
17
100
AcDbEntity
  8
DIMENSIONS
100
AcDbLine
 10
2068.0
 20
227.0
 30
0.0
 11
2080.0
 21
227.0
 31
0.0
1001
HANOK_PORTRAIT_DL
1000
{"kind":"dim","detail":"J4H","view":null}
  0
LINE
  5
2BF
330
17
100
AcDbEntity
  8
DIMENSIONS
100
AcDbLine
 10
2068.0
 20
237.0
 30
0.0
 11
2080.0
 21
237.0
 31
0.0
1001
HANOK_PORTRAIT_DL
1000
{"kind":"dim","detail":"J4H","view":null}
  0
LINE
  5
2C0
330
17
100
AcDbEntity
  8
DIMENSIONS
100
AcDbLine
 10
2078.0
 20
227.0
 30
0.0
 11
2078.0
 21
237.0
 31
0.0
1001
HANOK_PORTRAIT_DL
1000
{"kind":"dim","detail":"J4H","view":null}
  0
LINE
  5
2C1
330
17
100
AcDbEntity
  8
DIMENSIONS
100
AcDbLine
 10
2078.0
 20
227.0
 30
0.0
 11
2077.0
 21
229.0
 31
0.0
1001
HANOK_PORTRAIT_DL
1000
{"kind":"dim","detail":"J4H","view":null}
  0
LINE
  5
2C2
330
17
100
AcDbEntity
  8
DIMENSIONS
100
AcDbLine
 10
2078.0
 20
227.0
 30
0.0
 11
2079.0
 21
229.0
 31
0.0
1001
HANOK_PORTRAIT_DL
1000
{"kind":"dim","detail":"J4H","view":null}
  0
LINE
  5
2C3
330
17
100
AcDbEntity
  8
DIMENSIONS
100
AcDbLine
 10
2078.0
 20
237.0
 30
0.0
 11
2077.0
 21
235.0
 31
0.0
1001
HANOK_PORTRAIT_DL
1000
{"kind":"dim","detail":"J4H","view":null}
  0
LINE
  5
2C4
330
17
100
AcDbEntity
  8
DIMENSIONS
100
AcDbLine
 10
2078.0
 20
237.0
 30
0.0
 11
2079.0
 21
235.0
 31
0.0
1001
HANOK_PORTRAIT_DL
1000
{"kind":"dim","detail":"J4H","view":null}
  0
TEXT
  5
2C5
330
17
100
AcDbEntity
  8
DIMENSIONS
100
AcDbText
 10
2082.0
 20
232.0
 30
0.0
 40
3.6
  1
10 lap
 50
90.0
 72
1
 11
2082.0
 21
232.0
 31
0.0
100
AcDbText
 73
2
1001
HANOK_PORTRAIT_DL
1000
{"text_align":"center","kind":"dim","detail":"J4H","view":null}
  0
LINE
  5
2C6
330
17
100
AcDbEntity
  8
DIMENSIONS
100
AcDbLine
 10
2108.0
 20
217.0
 30
0.0
 11
2108.0
 21
203.0
 31
0.0
1001
HANOK_PORTRAIT_DL
1000
{"kind":"dim","detail":"J4H","view":null}
  0
LINE
  5
2C7
330
17
100
AcDbEntity
  8
DIMENSIONS
100
AcDbLine
 10
2118.0
 20
217.0
 30
0.0
 11
2118.0
 21
203.0
 31
0.0
1001
HANOK_PORTRAIT_DL
1000
{"kind":"dim","detail":"J4H","view":null}
  0
LINE
  5
2C8
330
17
100
AcDbEntity
  8
DIMENSIONS
100
AcDbLine
 10
2108.0
 20
205.0
 30
0.0
 11
2118.0
 21
205.0
 31
0.0
1001
HANOK_PORTRAIT_DL
1000
{"kind":"dim","detail":"J4H","view":null}
  0
LINE
  5
2C9
330
17
100
AcDbEntity
  8
DIMENSIONS
100
AcDbLine
 10
2108.0
 20
205.0
 30
0.0
 11
2110.0
 21
206.0
 31
0.0
1001
HANOK_PORTRAIT_DL
1000
{"kind":"dim","detail":"J4H","view":null}
  0
LINE
  5
2CA
330
17
100
AcDbEntity
  8
DIMENSIONS
100
AcDbLine
 10
2108.0
 20
205.0
 30
0.0
 11
2110.0
 21
204.0
 31
0.0
1001
HANOK_PORTRAIT_DL
1000
{"kind":"dim","detail":"J4H","view":null}
  0
LINE
  5
2CB
330
17
100
AcDbEntity
  8
DIMENSIONS
100
AcDbLine
 10
2118.0
 20
205.0
 30
0.0
 11
2116.0
 21
206.0
 31
0.0
1001
HANOK_PORTRAIT_DL
1000
{"kind":"dim","detail":"J4H","view":null}
  0
LINE
  5
2CC
330
17
100
AcDbEntity
  8
DIMENSIONS
100
AcDbLine
 10
2118.0
 20
205.0
 30
0.0
 11
2116.0
 21
204.0
 31
0.0
1001
HANOK_PORTRAIT_DL
1000
{"kind":"dim","detail":"J4H","view":null}
  0
TEXT
  5
2CD
330
17
100
AcDbEntity
  8
DIMENSIONS
100
AcDbText
 10
2113.0
 20
209.0
 30
0.0
 40
3.6
  1
10
 72
1
 11
2113.0
 21
209.0
 31
0.0
100
AcDbText
 73
2
1001
HANOK_PORTRAIT_DL
1000
{"text_align":"center","kind":"dim","detail":"J4H","view":null}
  0
TEXT
  5
2CE
330
17
100
AcDbEntity
  8
NOTES
100
AcDbText
 10
1988.0
 20
182.0
 30
0.0
 40
3.7
  1
2 x R3.2 at closed corners; union with nominal pocket
 11
1988.0
 21
182.0
 31
0.0
100
AcDbText
 73
2
1001
HANOK_PORTRAIT_DL
1000
{"text_align":"left","detail":"J4H","view":"detail","detail_part_kinds":["S01","L02"],"joint_type":"J4"}
  0
LWPOLYLINE
  5
2CF
330
17
100
AcDbEntity
  8
JOINT_DETAILS_REF
100
AcDbPolyline
 90
6
 70
1
 10
2056.0
 20
135.0
 10
2076.0
 20
135.0
 10
2076.0
 20
145.0
 10
2086.0
 20
145.0
 10
2086.0
 20
155.0
 10
2056.0
 20
155.0
1001
HANOK_PORTRAIT_DL
1000
{"role":"section_back","detail":"J4H","view":"detail","detail_part_kinds":["S01","L02"],"joint_type":"J4"}
  0
LWPOLYLINE
  5
2D0
330
17
100
AcDbEntity
  8
JOINT_DETAILS_REF
100
AcDbPolyline
 90
6
 70
1
 10
2076.0
 20
135.0
 10
2111.0
 20
135.0
 10
2111.0
 20
155.0
 10
2086.0
 20
155.0
 10
2086.0
 20
145.0
 10
2076.0
 20
145.0
1001
HANOK_PORTRAIT_DL
1000
{"role":"section_front","detail":"J4H","view":"detail","detail_part_kinds":["S01","L02"],"joint_type":"J4"}
  0
LINE
  5
2D1
330
17
100
AcDbEntity
  8
DIMENSIONS
100
AcDbLine
 10
2111.0
 20
135.0
 30
0.0
 11
2123.0
 21
135.0
 31
0.0
1001
HANOK_PORTRAIT_DL
1000
{"kind":"dim","detail":"J4H","view":null}
  0
LINE
  5
2D2
330
17
100
AcDbEntity
  8
DIMENSIONS
100
AcDbLine
 10
2111.0
 20
155.0
 30
0.0
 11
2123.0
 21
155.0
 31
0.0
1001
HANOK_PORTRAIT_DL
1000
{"kind":"dim","detail":"J4H","view":null}
  0
LINE
  5
2D3
330
17
100
AcDbEntity
  8
DIMENSIONS
100
AcDbLine
 10
2121.0
 20
135.0
 30
0.0
 11
2121.0
 21
155.0
 31
0.0
1001
HANOK_PORTRAIT_DL
1000
{"kind":"dim","detail":"J4H","view":null}
  0
LINE
  5
2D4
330
17
100
AcDbEntity
  8
DIMENSIONS
100
AcDbLine
 10
2121.0
 20
135.0
 30
0.0
 11
2119.5
 21
138.0
 31
0.0
1001
HANOK_PORTRAIT_DL
1000
{"kind":"dim","detail":"J4H","view":null}
  0
LINE
  5
2D5
330
17
100
AcDbEntity
  8
DIMENSIONS
100
AcDbLine
 10
2121.0
 20
135.0
 30
0.0
 11
2122.5
 21
138.0
 31
0.0
1001
HANOK_PORTRAIT_DL
1000
{"kind":"dim","detail":"J4H","view":null}
  0
LINE
  5
2D6
330
17
100
AcDbEntity
  8
DIMENSIONS
100
AcDbLine
 10
2121.0
 20
155.0
 30
0.0
 11
2119.5
 21
152.0
 31
0.0
1001
HANOK_PORTRAIT_DL
1000
{"kind":"dim","detail":"J4H","view":null}
  0
LINE
  5
2D7
330
17
100
AcDbEntity
  8
DIMENSIONS
100
AcDbLine
 10
2121.0
 20
155.0
 30
0.0
 11
2122.5
 21
152.0
 31
0.0
1001
HANOK_PORTRAIT_DL
1000
{"kind":"dim","detail":"J4H","view":null}
  0
TEXT
  5
2D8
330
17
100
AcDbEntity
  8
DIMENSIONS
100
AcDbText
 10
2125.0
 20
145.0
 30
0.0
 40
3.6
  1
20
 50
90.0
 72
1
 11
2125.0
 21
145.0
 31
0.0
100
AcDbText
 73
2
1001
HANOK_PORTRAIT_DL
1000
{"text_align":"center","kind":"dim","detail":"J4H","view":null}
  0
LINE
  5
2D9
330
17
100
AcDbEntity
  8
DIMENSIONS
100
AcDbLine
 10
2086.0
 20
145.0
 30
0.0
 11
2139.0
 21
145.0
 31
0.0
1001
HANOK_PORTRAIT_DL
1000
{"kind":"dim","detail":"J4H","view":null}
  0
LINE
  5
2DA
330
17
100
AcDbEntity
  8
DIMENSIONS
100
AcDbLine
 10
2086.0
 20
155.0
 30
0.0
 11
2139.0
 21
155.0
 31
0.0
1001
HANOK_PORTRAIT_DL
1000
{"kind":"dim","detail":"J4H","view":null}
  0
LINE
  5
2DB
330
17
100
AcDbEntity
  8
DIMENSIONS
100
AcDbLine
 10
2137.0
 20
145.0
 30
0.0
 11
2137.0
 21
155.0
 31
0.0
1001
HANOK_PORTRAIT_DL
1000
{"kind":"dim","detail":"J4H","view":null}
  0
LINE
  5
2DC
330
17
100
AcDbEntity
  8
DIMENSIONS
100
AcDbLine
 10
2137.0
 20
145.0
 30
0.0
 11
2136.0
 21
147.0
 31
0.0
1001
HANOK_PORTRAIT_DL
1000
{"kind":"dim","detail":"J4H","view":null}
  0
LINE
  5
2DD
330
17
100
AcDbEntity
  8
DIMENSIONS
100
AcDbLine
 10
2137.0
 20
145.0
 30
0.0
 11
2138.0
 21
147.0
 31
0.0
1001
HANOK_PORTRAIT_DL
1000
{"kind":"dim","detail":"J4H","view":null}
  0
LINE
  5
2DE
330
17
100
AcDbEntity
  8
DIMENSIONS
100
AcDbLine
 10
2137.0
 20
155.0
 30
0.0
 11
2136.0
 21
153.0
 31
0.0
1001
HANOK_PORTRAIT_DL
1000
{"kind":"dim","detail":"J4H","view":null}
  0
LINE
  5
2DF
330
17
100
AcDbEntity
  8
DIMENSIONS
100
AcDbLine
 10
2137.0
 20
155.0
 30
0.0
 11
2138.0
 21
153.0
 31
0.0
1001
HANOK_PORTRAIT_DL
1000
{"kind":"dim","detail":"J4H","view":null}
  0
TEXT
  5
2E0
330
17
100
AcDbEntity
  8
DIMENSIONS
100
AcDbText
 10
2141.0
 20
150.0
 30
0.0
 40
3.6
  1
10 depth
 50
90.0
 72
1
 11
2141.0
 21
150.0
 31
0.0
100
AcDbText
 73
2
1001
HANOK_PORTRAIT_DL
1000
{"text_align":"center","kind":"dim","detail":"J4H","view":null}
  0
LINE
  5
2E1
330
17
100
AcDbEntity
  8
DIMENSIONS
100
AcDbLine
 10
2076.0
 20
135.0
 30
0.0
 11
2076.0
 21
121.0
 31
0.0
1001
HANOK_PORTRAIT_DL
1000
{"kind":"dim","detail":"J4H","view":null}
  0
LINE
  5
2E2
330
17
100
AcDbEntity
  8
DIMENSIONS
100
AcDbLine
 10
2086.0
 20
135.0
 30
0.0
 11
2086.0
 21
121.0
 31
0.0
1001
HANOK_PORTRAIT_DL
1000
{"kind":"dim","detail":"J4H","view":null}
  0
LINE
  5
2E3
330
17
100
AcDbEntity
  8
DIMENSIONS
100
AcDbLine
 10
2076.0
 20
123.0
 30
0.0
 11
2086.0
 21
123.0
 31
0.0
1001
HANOK_PORTRAIT_DL
1000
{"kind":"dim","detail":"J4H","view":null}
  0
LINE
  5
2E4
330
17
100
AcDbEntity
  8
DIMENSIONS
100
AcDbLine
 10
2076.0
 20
123.0
 30
0.0
 11
2078.0
 21
124.0
 31
0.0
1001
HANOK_PORTRAIT_DL
1000
{"kind":"dim","detail":"J4H","view":null}
  0
LINE
  5
2E5
330
17
100
AcDbEntity
  8
DIMENSIONS
100
AcDbLine
 10
2076.0
 20
123.0
 30
0.0
 11
2078.0
 21
122.0
 31
0.0
1001
HANOK_PORTRAIT_DL
1000
{"kind":"dim","detail":"J4H","view":null}
  0
LINE
  5
2E6
330
17
100
AcDbEntity
  8
DIMENSIONS
100
AcDbLine
 10
2086.0
 20
123.0
 30
0.0
 11
2084.0
 21
124.0
 31
0.0
1001
HANOK_PORTRAIT_DL
1000
{"kind":"dim","detail":"J4H","view":null}
  0
LINE
  5
2E7
330
17
100
AcDbEntity
  8
DIMENSIONS
100
AcDbLine
 10
2086.0
 20
123.0
 30
0.0
 11
2084.0
 21
122.0
 31
0.0
1001
HANOK_PORTRAIT_DL
1000
{"kind":"dim","detail":"J4H","view":null}
  0
TEXT
  5
2E8
330
17
100
AcDbEntity
  8
DIMENSIONS
100
AcDbText
 10
2081.0
 20
127.0
 30
0.0
 40
3.6
  1
10 lap
 72
1
 11
2081.0
 21
127.0
 31
0.0
100
AcDbText
 73
2
1001
HANOK_PORTRAIT_DL
1000
{"text_align":"center","kind":"dim","detail":"J4H","view":null}
  0
TEXT
  5
2E9
330
17
100
AcDbEntity
  8
NOTES
100
AcDbText
 10
1988.0
 20
167.0
 30
0.0
 40
4.0
  1
ASSEMBLED SECTION / 10 mm seat depth, 10 mm in Z
 11
1988.0
 21
167.0
 31
0.0
100
AcDbText
 73
2
1001
HANOK_PORTRAIT_DL
1000
{"text_align":"left","detail":"J4H","view":"detail","detail_part_kinds":["S01","L02"],"joint_type":"J4"}
  0
TEXT
  5
2EA
330
17
100
AcDbEntity
  8
NOTES
100
AcDbText
 10
1983.0
 20
118.0
 30
0.0
 40
3.4
  1
S01 + L02: 16 end joints in this design.
 11
1983.0
 21
118.0
 31
0.0
100
AcDbText
 73
2
1001
HANOK_PORTRAIT_DL
1000
{"text_align":"left","detail":"J4H","view":"detail","detail_part_kinds":["S01","L02"],"joint_type":"J4"}
  0
TEXT
  5
2EB
330
17
100
AcDbEntity
  8
NOTES
100
AcDbText
 10
1983.0
 20
107.0
 30
0.0
 40
3.2
  1
REFERENCE ONLY / DXF 1:1 / PNG enlarged
 11
1983.0
 21
107.0
 31
0.0
100
AcDbText
 73
2
1001
HANOK_PORTRAIT_DL
1000
{"text_align":"left","detail":"J4H","view":"detail","detail_part_kinds":["S01","L02"],"joint_type":"J4"}
  0
TEXT
  5
2EC
330
17
100
AcDbEntity
  8
NOTES
100
AcDbText
 10
1350.0
 20
-40.0
 30
0.0
 40
8.0
  1
OPENING REFERENCE / PLAN (LOOKING DOWN)
 11
1350.0
 21
-40.0
 31
0.0
100
AcDbText
 73
2
1001
HANOK_PORTRAIT_DL
1000
{"text_align":"left","view":"opening","kind":"title"}
  0
TEXT
  5
2ED
330
17
100
AcDbEntity
  8
NOTES
100
AcDbText
 10
1350.0
 20
-60.0
 30
0.0
 40
4.7
  1
REFERENCE ONLY / AXES AND BACKING POSITION NOT FINAL
 11
1350.0
 21
-60.0
 31
0.0
100
AcDbText
 73
2
1001
HANOK_PORTRAIT_DL
1000
{"text_align":"left","view":"opening"}
  0
LWPOLYLINE
  5
2EE
330
17
100
AcDbEntity
  8
ASSEMBLY_REFERENCE
100
AcDbPolyline
 90
4
 70
1
 10
1390.0
 20
-370.0
 10
1390.0
 20
-350.0
 10
1350.0
 20
-350.0
 10
1350.0
 20
-370.0
1001
HANOK_PORTRAIT_DL
1000
{"view":"opening","role":"body"}
  0
LWPOLYLINE
  5
2EF
330
17
100
AcDbEntity
  8
ASSEMBLY_REFERENCE
100
AcDbPolyline
 90
4
 70
1
 10
1813.0
 20
-370.0
 10
1813.0
 20
-350.0
 10
1773.0
 20
-350.0
 10
1773.0
 20
-370.0
1001
HANOK_PORTRAIT_DL
1000
{"view":"opening","role":"body"}
  0
LWPOLYLINE
  5
2F0
330
17
100
AcDbEntity
  8
ASSEMBLY_REFERENCE
  6
REF_DASH
100
AcDbPolyline
 90
4
 70
1
 10
1580.0
 20
-370.0
 10
1580.0
 20
-350.0
 10
1393.0
 20
-350.0
 10
1393.0
 20
-370.0
1001
HANOK_PORTRAIT_DL
1000
{"view":"opening","role":"opening","kind":"closed_leaf_ghost","leaf":"LEFT"}
  0
LWPOLYLINE
  5
2F1
330
17
100
AcDbEntity
  8
ASSEMBLY_REFERENCE
100
AcDbPolyline
 90
4
 70
1
 10
1415.5
 20
-157.5
 10
1395.5
 20
-157.5
 10
1395.5
 20
-344.5
 10
1415.5
 20
-344.5
1001
HANOK_PORTRAIT_DL
1000
{"view":"opening","role":"body","kind":"opened_leaf_illustration","leaf":"LEFT","reference_only":true,"illustrative_angle_deg":90,"provisional_axis":[41.5,24]}
  0
LWPOLYLINE
  5
2F2
330
17
100
AcDbEntity
  8
HINGE_REF
100
AcDbPolyline
 90
2
 70
1
 10
1394.5
 20
-346.0
 42
1.0
 10
1388.5
 20
-346.0
 42
1.0
1001
HANOK_PORTRAIT_DL
1000
{"view":"opening","reference_only":true}
  0
TEXT
  5
2F3
330
17
100
AcDbEntity
  8
ASSEMBLY_REFERENCE
100
AcDbText
 10
1428.9
 20
-236.0
 30
0.0
 40
5.0
  1
LEFT LEAF
 50
90.0
 72
1
 11
1428.9
 21
-236.0
 31
0.0
100
AcDbText
 73
2
1001
HANOK_PORTRAIT_DL
1000
{"text_align":"center","view":"opening"}
  0
LINE
  5
2F4
330
17
100
AcDbEntity
  8
ASSEMBLY_REFERENCE
100
AcDbLine
 10
1511.5
 20
-346.0
 30
0.0
 11
1511.0433637710094
 21
-335.541310870281
 31
0.0
1001
HANOK_PORTRAIT_DL
1000
{"view":"opening","kind":"direction"}
  0
LINE
  5
2F5
330
17
100
AcDbEntity
  8
ASSEMBLY_REFERENCE
100
AcDbLine
 10
1511.0433637710094
 20
-335.541310870281
 30
0.0
 11
1509.6769303614649
 21
-325.16221867996836
 31
0.0
1001
HANOK_PORTRAIT_DL
1000
{"view":"opening","kind":"direction"}
  0
LINE
  5
2F6
330
17
100
AcDbEntity
  8
ASSEMBLY_REFERENCE
100
AcDbLine
 10
1509.6769303614649
 20
-325.16221867996836
 30
0.0
 11
1507.4110991546881
 21
-314.9417145876975
 31
0.0
1001
HANOK_PORTRAIT_DL
1000
{"view":"opening","kind":"direction"}
  0
LINE
  5
2F7
330
17
100
AcDbEntity
  8
ASSEMBLY_REFERENCE
100
AcDbLine
 10
1507.4110991546881
 20
-314.9417145876975
 30
0.0
 11
1504.263114494309
 21
-304.95758280091974
 31
0.0
1001
HANOK_PORTRAIT_DL
1000
{"view":"opening","kind":"direction"}
  0
LINE
  5
2F8
330
17
100
AcDbEntity
  8
ASSEMBLY_REFERENCE
100
AcDbLine
 10
1504.263114494309
 20
-304.95758280091974
 30
0.0
 11
1500.256934444398
 21
-295.28580859111605
 31
0.0
1001
HANOK_PORTRAIT_DL
1000
{"view":"opening","kind":"direction"}
  0
LINE
  5
2F9
330
17
100
AcDbEntity
  8
ASSEMBLY_REFERENCE
100
AcDbLine
 10
1500.256934444398
 20
-295.28580859111605
 30
0.0
 11
1495.4230484541326
 21
-286.0
 31
0.0
1001
HANOK_PORTRAIT_DL
1000
{"view":"opening","kind":"direction"}
  0
LINE
  5
2FA
330
17
100
AcDbEntity
  8
ASSEMBLY_REFERENCE
100
AcDbLine
 10
1495.4230484541326
 20
-286.0
 30
0.0
 11
1489.798245314679
 21
-277.1708276378745
 31
0.0
1001
HANOK_PORTRAIT_DL
1000
{"view":"opening","kind":"direction"}
  0
LINE
  5
2FB
330
17
100
AcDbEntity
  8
ASSEMBLY_REFERENCE
100
AcDbLine
 10
1489.798245314679
 20
-277.1708276378745
 30
0.0
 11
1483.4253331742773
 21
-268.8654868376153
 31
0.0
1001
HANOK_PORTRAIT_DL
1000
{"view":"opening","kind":"direction"}
  0
LINE
  5
2FC
330
17
100
AcDbEntity
  8
ASSEMBLY_REFERENCE
100
AcDbLine
 10
1483.4253331742773
 20
-268.8654868376153
 30
0.0
 11
1476.3528137423857
 21
-261.1471862576143
 31
0.0
1001
HANOK_PORTRAIT_DL
1000
{"view":"opening","kind":"direction"}
  0
LINE
  5
2FD
330
17
100
AcDbEntity
  8
ASSEMBLY_REFERENCE
100
AcDbLine
 10
1476.3528137423857
 20
-261.1471862576143
 30
0.0
 11
1468.6345131623848
 21
-254.07466682572266
 31
0.0
1001
HANOK_PORTRAIT_DL
1000
{"view":"opening","kind":"direction"}
  0
LINE
  5
2FE
330
17
100
AcDbEntity
  8
ASSEMBLY_REFERENCE
100
AcDbLine
 10
1468.6345131623848
 20
-254.07466682572266
 30
0.0
 11
1460.3291723621255
 21
-247.701754685321
 31
0.0
1001
HANOK_PORTRAIT_DL
1000
{"view":"opening","kind":"direction"}
  0
LINE
  5
2FF
330
17
100
AcDbEntity
  8
ASSEMBLY_REFERENCE
100
AcDbLine
 10
1460.3291723621255
 20
-247.701754685321
 30
0.0
 11
1451.5
 21
-242.07695154586736
 31
0.0
1001
HANOK_PORTRAIT_DL
1000
{"view":"opening","kind":"direction"}
  0
LINE
  5
300
330
17
100
AcDbEntity
  8
ASSEMBLY_REFERENCE
100
AcDbLine
 10
1451.5
 20
-242.07695154586736
 30
0.0
 11
1442.2141914088838
 21
-237.24306555560202
 31
0.0
1001
HANOK_PORTRAIT_DL
1000
{"view":"opening","kind":"direction"}
  0
LINE
  5
301
330
17
100
AcDbEntity
  8
ASSEMBLY_REFERENCE
100
AcDbLine
 10
1442.2141914088838
 20
-237.24306555560202
 30
0.0
 11
1432.5424171990803
 21
-233.23688550569102
 31
0.0
1001
HANOK_PORTRAIT_DL
1000
{"view":"opening","kind":"direction"}
  0
LINE
  5
302
330
17
100
AcDbEntity
  8
ASSEMBLY_REFERENCE
100
AcDbLine
 10
1432.5424171990803
 20
-233.23688550569102
 30
0.0
 11
1422.5582854123024
 21
-230.0889008453118
 31
0.0
1001
HANOK_PORTRAIT_DL
1000
{"view":"opening","kind":"direction"}
  0
LINE
  5
303
330
17
100
AcDbEntity
  8
ASSEMBLY_REFERENCE
100
AcDbLine
 10
1422.5582854123024
 20
-230.0889008453118
 30
0.0
 11
1412.3377813200316
 21
-227.82306963853503
 31
0.0
1001
HANOK_PORTRAIT_DL
1000
{"view":"opening","kind":"direction"}
  0
LINE
  5
304
330
17
100
AcDbEntity
  8
ASSEMBLY_REFERENCE
100
AcDbLine
 10
1412.3377813200316
 20
-227.82306963853503
 30
0.0
 11
1401.958689129719
 21
-226.45663622899053
 31
0.0
1001
HANOK_PORTRAIT_DL
1000
{"view":"opening","kind":"direction"}
  0
LINE
  5
305
330
17
100
AcDbEntity
  8
ASSEMBLY_REFERENCE
100
AcDbLine
 10
1401.958689129719
 20
-226.45663622899053
 30
0.0
 11
1391.5
 21
-226.0
 31
0.0
1001
HANOK_PORTRAIT_DL
1000
{"view":"opening","kind":"direction"}
  0
LINE
  5
306
330
17
100
AcDbEntity
  8
ASSEMBLY_REFERENCE
100
AcDbLine
 10
1391.5
 20
-226.0
 30
0.0
 11
1399.3615276105588
 21
-229.34609976366826
 31
0.0
1001
HANOK_PORTRAIT_DL
1000
{"view":"opening","kind":"direction"}
  0
LINE
  5
307
330
17
100
AcDbEntity
  8
ASSEMBLY_REFERENCE
100
AcDbLine
 10
1391.5
 20
-226.0
 30
0.0
 11
1399.623243934751
 21
-223.3518104341771
 31
0.0
1001
HANOK_PORTRAIT_DL
1000
{"view":"opening","kind":"direction"}
  0
TEXT
  5
308
330
17
100
AcDbEntity
  8
ASSEMBLY_REFERENCE
100
AcDbText
 10
1530.0
 20
-182.0
 30
0.0
 40
4.8
  1
90 deg REF
 72
1
 11
1530.0
 21
-182.0
 31
0.0
100
AcDbText
 73
2
1001
HANOK_PORTRAIT_DL
1000
{"text_align":"center","view":"opening"}
  0
LWPOLYLINE
  5
309
330
17
100
AcDbEntity
  8
ASSEMBLY_REFERENCE
  6
REF_DASH
100
AcDbPolyline
 90
4
 70
1
 10
1770.0
 20
-370.0
 10
1770.0
 20
-350.0
 10
1583.0
 20
-350.0
 10
1583.0
 20
-370.0
1001
HANOK_PORTRAIT_DL
1000
{"view":"opening","role":"opening","kind":"closed_leaf_ghost","leaf":"RIGHT"}
  0
LWPOLYLINE
  5
30A
330
17
100
AcDbEntity
  8
ASSEMBLY_REFERENCE
100
AcDbPolyline
 90
4
 70
1
 10
1747.5
 20
-344.5
 10
1767.5
 20
-344.5
 10
1767.5
 20
-157.5
 10
1747.5
 20
-157.5
1001
HANOK_PORTRAIT_DL
1000
{"view":"opening","role":"body","kind":"opened_leaf_illustration","leaf":"RIGHT","reference_only":true,"illustrative_angle_deg":90,"provisional_axis":[421.5,24]}
  0
LWPOLYLINE
  5
30B
330
17
100
AcDbEntity
  8
HINGE_REF
100
AcDbPolyline
 90
2
 70
1
 10
1774.5
 20
-346.0
 42
1.0
 10
1768.5
 20
-346.0
 42
1.0
1001
HANOK_PORTRAIT_DL
1000
{"view":"opening","reference_only":true}
  0
TEXT
  5
30C
330
17
100
AcDbEntity
  8
ASSEMBLY_REFERENCE
100
AcDbText
 10
1734.1
 20
-236.0
 30
0.0
 40
5.0
  1
RIGHT LEAF
 50
90.0
 72
1
 11
1734.1
 21
-236.0
 31
0.0
100
AcDbText
 73
2
1001
HANOK_PORTRAIT_DL
1000
{"text_align":"center","view":"opening"}
  0
LINE
  5
30D
330
17
100
AcDbEntity
  8
ASSEMBLY_REFERENCE
100
AcDbLine
 10
1651.5
 20
-346.0
 30
0.0
 11
1651.9566362289906
 21
-335.541310870281
 31
0.0
1001
HANOK_PORTRAIT_DL
1000
{"view":"opening","kind":"direction"}
  0
LINE
  5
30E
330
17
100
AcDbEntity
  8
ASSEMBLY_REFERENCE
100
AcDbLine
 10
1651.9566362289906
 20
-335.541310870281
 30
0.0
 11
1653.3230696385351
 21
-325.16221867996836
 31
0.0
1001
HANOK_PORTRAIT_DL
1000
{"view":"opening","kind":"direction"}
  0
LINE
  5
30F
330
17
100
AcDbEntity
  8
ASSEMBLY_REFERENCE
100
AcDbLine
 10
1653.3230696385351
 20
-325.16221867996836
 30
0.0
 11
1655.5889008453119
 21
-314.9417145876975
 31
0.0
1001
HANOK_PORTRAIT_DL
1000
{"view":"opening","kind":"direction"}
  0
LINE
  5
310
330
17
100
AcDbEntity
  8
ASSEMBLY_REFERENCE
100
AcDbLine
 10
1655.5889008453119
 20
-314.9417145876975
 30
0.0
 11
1658.736885505691
 21
-304.95758280091974
 31
0.0
1001
HANOK_PORTRAIT_DL
1000
{"view":"opening","kind":"direction"}
  0
LINE
  5
311
330
17
100
AcDbEntity
  8
ASSEMBLY_REFERENCE
100
AcDbLine
 10
1658.736885505691
 20
-304.95758280091974
 30
0.0
 11
1662.743065555602
 21
-295.28580859111605
 31
0.0
1001
HANOK_PORTRAIT_DL
1000
{"view":"opening","kind":"direction"}
  0
LINE
  5
312
330
17
100
AcDbEntity
  8
ASSEMBLY_REFERENCE
100
AcDbLine
 10
1662.743065555602
 20
-295.28580859111605
 30
0.0
 11
1667.5769515458674
 21
-286.0
 31
0.0
1001
HANOK_PORTRAIT_DL
1000
{"view":"opening","kind":"direction"}
  0
LINE
  5
313
330
17
100
AcDbEntity
  8
ASSEMBLY_REFERENCE
100
AcDbLine
 10
1667.5769515458674
 20
-286.0
 30
0.0
 11
1673.201754685321
 21
-277.1708276378744
 31
0.0
1001
HANOK_PORTRAIT_DL
1000
{"view":"opening","kind":"direction"}
  0
LINE
  5
314
330
17
100
AcDbEntity
  8
ASSEMBLY_REFERENCE
100
AcDbLine
 10
1673.201754685321
 20
-277.1708276378744
 30
0.0
 11
1679.5746668257227
 21
-268.86548683761526
 31
0.0
1001
HANOK_PORTRAIT_DL
1000
{"view":"opening","kind":"direction"}
  0
LINE
  5
315
330
17
100
AcDbEntity
  8
ASSEMBLY_REFERENCE
100
AcDbLine
 10
1679.5746668257227
 20
-268.86548683761526
 30
0.0
 11
1686.6471862576143
 21
-261.1471862576143
 31
0.0
1001
HANOK_PORTRAIT_DL
1000
{"view":"opening","kind":"direction"}
  0
LINE
  5
316
330
17
100
AcDbEntity
  8
ASSEMBLY_REFERENCE
100
AcDbLine
 10
1686.6471862576143
 20
-261.1471862576143
 30
0.0
 11
1694.3654868376152
 21
-254.07466682572266
 31
0.0
1001
HANOK_PORTRAIT_DL
1000
{"view":"opening","kind":"direction"}
  0
LINE
  5
317
330
17
100
AcDbEntity
  8
ASSEMBLY_REFERENCE
100
AcDbLine
 10
1694.3654868376152
 20
-254.07466682572266
 30
0.0
 11
1702.6708276378745
 21
-247.701754685321
 31
0.0
1001
HANOK_PORTRAIT_DL
1000
{"view":"opening","kind":"direction"}
  0
LINE
  5
318
330
17
100
AcDbEntity
  8
ASSEMBLY_REFERENCE
100
AcDbLine
 10
1702.6708276378745
 20
-247.701754685321
 30
0.0
 11
1711.5
 21
-242.07695154586736
 31
0.0
1001
HANOK_PORTRAIT_DL
1000
{"view":"opening","kind":"direction"}
  0
LINE
  5
319
330
17
100
AcDbEntity
  8
ASSEMBLY_REFERENCE
100
AcDbLine
 10
1711.5
 20
-242.07695154586736
 30
0.0
 11
1720.7858085911162
 21
-237.243065555602
 31
0.0
1001
HANOK_PORTRAIT_DL
1000
{"view":"opening","kind":"direction"}
  0
LINE
  5
31A
330
17
100
AcDbEntity
  8
ASSEMBLY_REFERENCE
100
AcDbLine
 10
1720.7858085911162
 20
-237.243065555602
 30
0.0
 11
1730.4575828009197
 21
-233.236885505691
 31
0.0
1001
HANOK_PORTRAIT_DL
1000
{"view":"opening","kind":"direction"}
  0
LINE
  5
31B
330
17
100
AcDbEntity
  8
ASSEMBLY_REFERENCE
100
AcDbLine
 10
1730.4575828009197
 20
-233.236885505691
 30
0.0
 11
1740.4417145876976
 21
-230.0889008453118
 31
0.0
1001
HANOK_PORTRAIT_DL
1000
{"view":"opening","kind":"direction"}
  0
LINE
  5
31C
330
17
100
AcDbEntity
  8
ASSEMBLY_REFERENCE
100
AcDbLine
 10
1740.4417145876976
 20
-230.0889008453118
 30
0.0
 11
1750.6622186799684
 21
-227.82306963853503
 31
0.0
1001
HANOK_PORTRAIT_DL
1000
{"view":"opening","kind":"direction"}
  0
LINE
  5
31D
330
17
100
AcDbEntity
  8
ASSEMBLY_REFERENCE
100
AcDbLine
 10
1750.6622186799684
 20
-227.82306963853503
 30
0.0
 11
1761.041310870281
 21
-226.45663622899053
 31
0.0
1001
HANOK_PORTRAIT_DL
1000
{"view":"opening","kind":"direction"}
  0
LINE
  5
31E
330
17
100
AcDbEntity
  8
ASSEMBLY_REFERENCE
100
AcDbLine
 10
1761.041310870281
 20
-226.45663622899053
 30
0.0
 11
1771.5
 21
-226.0
 31
0.0
1001
HANOK_PORTRAIT_DL
1000
{"view":"opening","kind":"direction"}
  0
LINE
  5
31F
330
17
100
AcDbEntity
  8
ASSEMBLY_REFERENCE
100
AcDbLine
 10
1771.5
 20
-226.0
 30
0.0
 11
1763.376756065249
 21
-223.3518104341771
 31
0.0
1001
HANOK_PORTRAIT_DL
1000
{"view":"opening","kind":"direction"}
  0
LINE
  5
320
330
17
100
AcDbEntity
  8
ASSEMBLY_REFERENCE
100
AcDbLine
 10
1771.5
 20
-226.0
 30
0.0
 11
1763.6384723894412
 21
-229.34609976366826
 31
0.0
1001
HANOK_PORTRAIT_DL
1000
{"view":"opening","kind":"direction"}
  0
TEXT
  5
321
330
17
100
AcDbEntity
  8
ASSEMBLY_REFERENCE
100
AcDbText
 10
1633.0
 20
-182.0
 30
0.0
 40
4.8
  1
90 deg REF
 72
1
 11
1633.0
 21
-182.0
 31
0.0
100
AcDbText
 73
2
1001
HANOK_PORTRAIT_DL
1000
{"text_align":"center","view":"opening"}
  0
LWPOLYLINE
  5
322
330
17
100
AcDbEntity
  8
ASSEMBLY_REFERENCE
  6
A3_DASHDOT
100
AcDbPolyline
 90
4
 70
1
 10
1433.0
 20
-394.0
 10
1730.0
 20
-394.0
 10
1730.0
 20
-390.0
 10
1433.0
 20
-390.0
1001
HANOK_PORTRAIT_DL
1000
{"view":"opening","role":"picture","reference_only":true}
  0
LINE
  5
323
330
17
100
AcDbEntity
  8
ASSEMBLY_REFERENCE
100
AcDbLine
 10
1423.0
 20
-399.0
 30
0.0
 11
1740.0
 21
-399.0
 31
0.0
1001
HANOK_PORTRAIT_DL
1000
{"view":"opening","reference_only":true}
  0
TEXT
  5
324
330
17
100
AcDbEntity
  8
NOTES
100
AcDbText
 10
1581.5
 20
-417.0
 30
0.0
 40
4.4
  1
PICTURE FIXED ON SEPARATE REAR SUPPORT
 72
1
 11
1581.5
 21
-417.0
 31
0.0
100
AcDbText
 73
2
1001
HANOK_PORTRAIT_DL
1000
{"text_align":"center","view":"opening"}
  0
TEXT
  5
325
330
17
100
AcDbEntity
  8
NOTES
100
AcDbText
 10
1581.5
 20
-123.0
 30
0.0
 40
5.0
  1
CENTRE MEMBERS MOVE WITH EACH LEAF
 72
1
 11
1581.5
 21
-123.0
 31
0.0
100
AcDbText
 73
2
1001
HANOK_PORTRAIT_DL
1000
{"text_align":"center","view":"opening"}
  0
TEXT
  5
326
330
17
100
AcDbEntity
  8
NOTES
100
AcDbText
 10
1581.5
 20
-105.0
 30
0.0
 40
6.0
  1
NO FIXED CENTRE MULLION
 72
1
 11
1581.5
 21
-105.0
 31
0.0
100
AcDbText
 73
2
1001
HANOK_PORTRAIT_DL
1000
{"text_align":"center","view":"opening"}
  0
TEXT
  5
327
330
17
100
AcDbEntity
  8
NOTES
100
AcDbText
 10
1581.5
 20
-148.0
 30
0.0
 40
5.0
  1
VIEWER / FRONT +Z
 72
1
 11
1581.5
 21
-148.0
 31
0.0
100
AcDbText
 73
2
1001
HANOK_PORTRAIT_DL
1000
{"text_align":"center","view":"opening"}
  0
TEXT
  5
328
330
17
100
AcDbEntity
  8
NOTES
100
AcDbText
 10
1350.0
 20
-440.0
 30
0.0
 40
3.8
  1
Illustrative axes: (X,Z)=(41.5,24), (421.5,24). Recheck selected hardware.
 11
1350.0
 21
-440.0
 31
0.0
100
AcDbText
 73
2
1001
HANOK_PORTRAIT_DL
1000
{"text_align":"left","view":"opening"}
  0
TEXT
  5
329
330
17
100
AcDbEntity
  8
NOTES
100
AcDbText
 10
1350.0
 20
-453.0
 30
0.0
 40
3.8
  1
No actual hinge, screw, backing clearance or load capacity is verified here.
 11
1350.0
 21
-453.0
 31
0.0
100
AcDbText
 73
2
1001
HANOK_PORTRAIT_DL
1000
{"text_align":"left","view":"opening"}
  0
ENDSEC
  0
SECTION
  2
OBJECTS
  0
DICTIONARY
  5
A
330
0
100
AcDbDictionary
281
1
  3
ACAD_COLOR
350
B
  3
ACAD_GROUP
350
C
  3
ACAD_LAYOUT
350
D
  3
ACAD_MATERIAL
350
E
  3
ACAD_MLEADERSTYLE
350
F
  3
ACAD_MLINESTYLE
350
10
  3
ACAD_PLOTSETTINGS
350
11
  3
ACAD_PLOTSTYLENAME
350
12
  3
ACAD_SCALELIST
350
14
  3
ACAD_TABLESTYLE
350
15
  3
ACAD_VISUALSTYLE
350
16
  3
EZDXF_META
350
2D
  0
DICTIONARY
  5
B
330
A
100
AcDbDictionary
281
1
  0
DICTIONARY
  5
C
330
A
100
AcDbDictionary
281
1
  0
DICTIONARY
  5
D
330
A
100
AcDbDictionary
281
1
  3
Model
350
1A
  3
Layout1
350
1E
  0
DICTIONARY
  5
E
330
A
100
AcDbDictionary
281
1
  3
ByBlock
350
1F
  3
ByLayer
350
20
  3
Global
350
21
  0
DICTIONARY
  5
F
330
A
100
AcDbDictionary
281
1
  3
Standard
350
2C
  0
DICTIONARY
  5
10
330
A
100
AcDbDictionary
281
1
  3
Standard
350
22
  0
DICTIONARY
  5
11
330
A
100
AcDbDictionary
281
1
  0
ACDBDICTIONARYWDFLT
  5
12
330
A
100
AcDbDictionary
281
1
  3
Normal
350
13
100
AcDbDictionaryWithDefault
340
13
  0
ACDBPLACEHOLDER
  5
13
330
12
  0
DICTIONARY
  5
14
330
A
100
AcDbDictionary
281
1
  0
DICTIONARY
  5
15
330
A
100
AcDbDictionary
281
1
  0
DICTIONARY
  5
16
330
A
100
AcDbDictionary
281
1
  0
LAYOUT
  5
1A
330
D
100
AcDbPlotSettings
  1

  4
A3
  6

 40
7.5
 41
20.0
 42
7.5
 43
20.0
 44
420.0
 45
297.0
 46
0.0
 47
0.0
 48
0.0
 49
0.0
140
0.0
141
0.0
142
1.0
143
1.0
 70
1024
 72
1
 73
0
 74
5
  7

 75
16
 76
0
 77
2
 78
300
147
1.0
148
0.0
149
0.0
100
AcDbLayout
  1
Model
 70
1
 71
0
 10
0.0
 20
0.0
 11
420.0
 21
297.0
 12
0.0
 22
0.0
 32
0.0
 14
1e+20
 24
1e+20
 34
1e+20
 15
-1e+20
 25
-1e+20
 35
-1e+20
146
0.0
 13
0.0
 23
0.0
 33
0.0
 16
1.0
 26
0.0
 36
0.0
 17
0.0
 27
1.0
 37
0.0
 76
1
330
17
  0
LAYOUT
  5
1E
330
D
100
AcDbPlotSettings
  1

  4
A3
  6

 40
7.5
 41
20.0
 42
7.5
 43
20.0
 44
420.0
 45
297.0
 46
0.0
 47
0.0
 48
0.0
 49
0.0
140
0.0
141
0.0
142
1.0
143
1.0
 70
0
 72
1
 73
0
 74
5
  7

 75
16
 76
0
 77
2
 78
300
147
1.0
148
0.0
149
0.0
100
AcDbLayout
  1
Layout1
 70
1
 71
1
 10
0.0
 20
0.0
 11
420.0
 21
297.0
 12
0.0
 22
0.0
 32
0.0
 14
1e+20
 24
1e+20
 34
1e+20
 15
-1e+20
 25
-1e+20
 35
-1e+20
146
0.0
 13
0.0
 23
0.0
 33
0.0
 16
1.0
 26
0.0
 36
0.0
 17
0.0
 27
1.0
 37
0.0
 76
1
330
1B
  0
MATERIAL
  5
1F
102
{ACAD_REACTORS
330
E
102
}
330
E
100
AcDbMaterial
  1
ByBlock
  2

 70
0
 40
1.0
 71
1
 41
1.0
 91
-1023410177
 42
1.0
 72
1
  3

 73
1
 74
1
 75
1
 44
0.5
 73
0
 45
1.0
 46
1.0
 77
1
  4

 78
1
 79
1
170
1
 48
1.0
171
1
  6

172
1
173
1
174
1
140
1.0
141
1.0
175
1
  7

176
1
177
1
178
1
143
1.0
179
1
  8

270
1
271
1
272
1
145
1.0
146
1.0
273
1
  9

274
1
275
1
276
1
 42
1.0
 72
1
  3

 73
1
 74
1
 75
1
 94
63
  0
MATERIAL
  5
20
102
{ACAD_REACTORS
330
E
102
}
330
E
100
AcDbMaterial
  1
ByLayer
  2

 70
0
 40
1.0
 71
1
 41
1.0
 91
-1023410177
 42
1.0
 72
1
  3

 73
1
 74
1
 75
1
 44
0.5
 73
0
 45
1.0
 46
1.0
 77
1
  4

 78
1
 79
1
170
1
 48
1.0
171
1
  6

172
1
173
1
174
1
140
1.0
141
1.0
175
1
  7

176
1
177
1
178
1
143
1.0
179
1
  8

270
1
271
1
272
1
145
1.0
146
1.0
273
1
  9

274
1
275
1
276
1
 42
1.0
 72
1
  3

 73
1
 74
1
 75
1
 94
63
  0
MATERIAL
  5
21
102
{ACAD_REACTORS
330
E
102
}
330
E
100
AcDbMaterial
  1
Global
  2

 70
0
 40
1.0
 71
1
 41
1.0
 91
-1023410177
 42
1.0
 72
1
  3

 73
1
 74
1
 75
1
 44
0.5
 73
0
 45
1.0
 46
1.0
 77
1
  4

 78
1
 79
1
170
1
 48
1.0
171
1
  6

172
1
173
1
174
1
140
1.0
141
1.0
175
1
  7

176
1
177
1
178
1
143
1.0
179
1
  8

270
1
271
1
272
1
145
1.0
146
1.0
273
1
  9

274
1
275
1
276
1
 42
1.0
 72
1
  3

 73
1
 74
1
 75
1
 94
63
  0
MLINESTYLE
  5
22
102
{ACAD_REACTORS
330
10
102
}
330
10
100
AcDbMlineStyle
  2
Standard
 70
0
  3

 62
256
 51
90.0
 52
90.0
 71
2
 49
0.5
 62
256
  6
BYLAYER
 49
-0.5
 62
256
  6
BYLAYER
  0
MLEADERSTYLE
  5
2C
102
{ACAD_REACTORS
330
F
102
}
330
F
100
AcDbMLeaderStyle
179
2
170
2
171
1
172
0
 90
2
 40
0.0
 41
0.0
173
1
 91
-1056964608
 92
-2
290
1
 42
2.0
291
1
 43
8.0
  3
Standard
 44
4.0
300

342
29
174
1
175
1
176
0
178
1
 93
-1056964608
 45
4.0
292
0
297
0
 46
4.0
 94
-1056964608
 47
1.0
 49
1.0
140
1.0
294
1
141
0.0
177
0
142
1.0
295
0
296
0
143
3.75
271
0
272
9
273
9
  0
DICTIONARY
  5
2D
330
A
100
AcDbDictionary
280
1
281
1
  3
CREATED_BY_EZDXF
350
2E
  3
HANOK_REVISION
350
2F
  3
HANOK_BUILD_DATE
350
30
  3
HANOK_SOURCE_OF_TRUTH
350
31
  3
HANOK_NUMERIC_POLICY
350
32
  3
WRITTEN_BY_EZDXF
350
32D
  0
DICTIONARYVAR
  5
2E
330
2D
100
DictionaryVariables
280
0
  1
0.0 @ 2000-01-01T00:00:00.000000+00:00
  0
DICTIONARYVAR
  5
2F
330
2D
100
DictionaryVariables
280
0
  1
HANOK_GEN_V1_a9fbfb12f054
  0
DICTIONARYVAR
  5
30
330
2D
100
DictionaryVariables
280
0
  1
2026-09-12
  0
DICTIONARYVAR
  5
31
330
2D
100
DictionaryVariables
280
0
  1
design_parameters.json
  0
DICTIONARYVAR
  5
32
330
2D
100
DictionaryVariables
280
0
  1
HANOK_NUMERIC_V1
  0
DICTIONARYVAR
  5
32D
330
2D
100
DictionaryVariables
280
0
  1
0.0 @ 2000-01-01T00:00:00.000000+00:00
  0
ENDSEC
  0
EOF
